ID,Name,Glottocode,Glottolog_Name,ISO639P3code,Macroarea,Latitude,Longitude,Family
muss1246,,muss1246,Mussau-Emira,emi,Papunesia,-1.44105,149.624,Austronesian
tung1290,,tung1290,Tungag,lcm,Papunesia,-2.52188,150.198,Austronesian
tiga1245,,tiga1245,Tigak,tgc,Papunesia,-2.70951,150.893,Austronesian
kara1486,,kara1486,Kara (Papua New Guinea),leu,Papunesia,-2.81957,151.111,Austronesian
tian1237,,tian1237,Tiang,tbj,Papunesia,-2.95505,150.935,Austronesian
nali1244,,nali1244,Nalik,nal,Papunesia,-2.94411,151.332,Austronesian
nots1237,,nots1237,Notsi,ncf,Papunesia,-3.0557,151.661,Austronesian
mand1440,,mand1440,Mandara,tbf,Papunesia,-2.7828,151.956,Austronesian
kuot1243,,kuot1243,Kuot,kto,Papunesia,-3.06952,151.537,Kuot
lava1239,,lava1239,Lavatbura-Lamusong,lbv,Papunesia,-3.21903,151.728,Austronesian
mada1285,,mada1285,Madak,mmx,Papunesia,-3.34342,151.967,Austronesian
baro1253,,baro1253,Barok,bjk,Papunesia,-3.47672,152.193,Austronesian
patp1243,,patp1243,Patpatar,gfk,Papunesia,-3.74711,152.493,Austronesian
surs1246,,surs1246,Sursurunga,sgz,Papunesia,-3.99078,152.768,Austronesian
lihi1237,,lihi1237,Lihir,lih,Papunesia,-3.18895,152.606,Austronesian
tang1348,,tang1348,Tangga,tgg,Papunesia,-4.08824,153.611,Austronesian
kono1269,,kono1269,Konomala,koa,Papunesia,-4.16184,152.87,Austronesian
kand1301,,kand1301,Kandas,kqw,Papunesia,-4.3652,152.781,Austronesian
siar1238,,siar1238,Siar-Lak,sjr,Papunesia,-4.62059,152.892,Austronesian
naun1237,,naun1237,Nauna,ncn,Papunesia,-2.21213,148.201,Austronesian
pakt1239,,pakt1239,Pak-Tong,pkg,Papunesia,-2.05269,147.767,Austronesian
balu1257,,balu1257,Paluai,blq,Papunesia,-2.5604,147.282,Austronesian
louu1245,,louu1245,Lou,loj,Papunesia,-2.38659,147.346,Austronesian
tita1241,,tita1241,Titan,ttv,Papunesia,-2.18168,146.888,Austronesian
bowa1234,,bowa1234,Manus Koro,kxr,Papunesia,-2.03429,147.14267,Austronesian
leip1237,,leip1237,Leipon,lek,Papunesia,-1.9665,147.226,Austronesian
loni1238,,loni1238,Loniu,los,Papunesia,-2.06124,147.35,Austronesian
nali1245,,nali1245,Nali,nss,Papunesia,-2.14273,147.202,Austronesian
eree1241,,eree1241,Ere,twp,Papunesia,-2.15569,147.083,Austronesian
lele1270,,lele1270,Lele (Papua New Guinea),lle,Papunesia,-2.04783,147.207,Austronesian
kele1258,,kele1258,Kele (Papua New Guinea),sbc,Papunesia,-2.09163,147.064,Austronesian
kurt1250,,kurt1250,Kurti,ktm,Papunesia,-2.01187,147.036,Austronesian
andr1248,,andr1248,Andra-Hus,anx,Papunesia,-2.05894,147.085,Austronesian
pona1250,,pona1250,Ponam,ncc,Papunesia,-1.91705,146.887,Austronesian
kheh1237,,kheh1237,Khehek,tlx,Papunesia,-2.06626,146.746,Austronesian
liku1243,,liku1243,Likum,lib,Papunesia,-2.16157,146.695,Austronesian
sori1242,,sori1242,Sori-Harengan,sbh,Papunesia,-1.98384,146.642,Austronesian
nyin1250,,nyin1250,Nyindrou,lid,Papunesia,-2.1143,146.627,Austronesian
bipi1237,,bipi1237,Bipi,biq,Papunesia,-2.11115,146.398,Austronesian
neha1247,,neha1247,Nehan,nsn,Papunesia,-4.56875,154.2,Austronesian
nuku1259,,nuku1259,Nukuria,nur,Papunesia,-3.40038,154.731,Austronesian
hali1244,,hali1244,Halia,hla,Papunesia,-5.26603,154.662,Austronesian
hako1237,,hako1237,Hakö,hao,Papunesia,-5.06832,154.594,Austronesian
taku1257,,taku1257,Takuu,nho,Papunesia,-4.773094,157.032085,Austronesian
nuku1258,,nuku1258,Nukumanu,nuq,Papunesia,-4.576321,159.48537,Austronesian
peta1245,,peta1245,Petats,pex,Papunesia,-5.34068,154.593,Austronesian
solo1257,,solo1257,Solos,sol,Papunesia,-5.41042,154.624,Austronesian
sapo1253,,sapo1253,Saposa,sps,Papunesia,-5.64103,154.732,Austronesian
haho1237,,haho1237,Hahon,hah,Papunesia,-5.59031,154.801,Austronesian
tinp1237,,tinp1237,Tinputz,tpz,Papunesia,-5.58358,154.972,Austronesian
teop1238,,teop1238,Teop,tio,Papunesia,-5.67474,154.971,Austronesian
rapo1238,,rapo1238,Rapoisi,kyx,Papunesia,-5.78724,154.834,North Bougainville
ramo1245,,ramo1245,Ramopa,kjx,Papunesia,-5.97015,154.9,North Bougainville
roto1249,,roto1249,Rotokas,roo,Papunesia,-5.94339,155.154,North Bougainville
papa1265,,papa1265,Papapana,ppn,Papunesia,-5.92283,155.289,Austronesian
lawu1237,,lawu1237,Lawunuia,tgi,Papunesia,-6.15201,155.129,Austronesian
asko1238,,asko1238,Askopan,eiv,Papunesia,-6.22539,155.307,North Bougainville
tora1259,,tora1259,Torau,ttu,Papunesia,-6.19922,155.496,Austronesian
urua1242,,urua1242,Uruava,urv,Papunesia,-6.23314,155.573,Austronesian
bann1247,,bann1247,Bannoni,bcm,Papunesia,-6.23061,155.128,Austronesian
naas1242,,naas1242,Naasioi,nas,Papunesia,-6.46022,155.632,South Bougainville
sime1242,,sime1242,Simeku,smz,Papunesia,-6.23022,155.423,South Bougainville
sibe1248,,sibe1248,Sibe (Nasioi),nco,Papunesia,-6.43149,155.412,South Bougainville
siwa1245,,siwa1245,Siwai,siw,Papunesia,-6.6429,155.452,South Bougainville
tere1278,,tere1278,Terei,buo,Papunesia,-6.70051,155.745,South Bougainville
kuan1248,,kuan1248,Kuanua,ksd,Papunesia,-4.30986,152.114,Austronesian
ramo1244,,ramo1244,Ramoaaina,rai,Papunesia,-4.17306,152.451,Austronesian
qaqe1238,,qaqe1238,Qaqet,byx,Papunesia,-4.45258,151.702,Baining
urap1240,,urap1240,Ura (Papua New Guinea),uro,Papunesia,-4.64226,151.953,Baining
sulk1246,,sulk1246,Sulka,sua,Papunesia,-5.03471,151.891,Sulka
kolp1236,,kolp1236,Kol (Papua New Guinea),kol,Papunesia,-5.21042,151.583,Kol (Papua New Guinea)
meng1267,,meng1267,Mengen,mee,Papunesia,-5.47036,151.373,Austronesian
mera1242,,mera1242,Meramera,mxm,Papunesia,-4.97468,151.528,Austronesian
naka1262,,naka1262,Nakanai,nak,Papunesia,-5.59931,150.888,Austronesian
pele1245,,pele1245,Pele-Ata,ata,Papunesia,-5.58045,151.05,Pele-Ata
bebe1252,,bebe1252,Bebeli,bek,Papunesia,-5.63282,150.323,Austronesian
bola1250,,bola1250,Bola,bnp,Papunesia,-5.55792,150.095,Austronesian
seng1281,,seng1281,Sengseng,ssz,Papunesia,-6.16474,149.784,Austronesian
kaul1240,,kaul1240,Kaulong,pss,Papunesia,-6.08192,149.696,Austronesian
akol1237,,akol1237,Akolet,akt,Papunesia,-6.22711,150.182,Austronesian
avau1237,,avau1237,Avau,avb,Papunesia,-6.24342,150.427,Austronesian
gimi1242,,gimi1242,Gimi (West New Britain),gip,Papunesia,-6.02464,149.478,Austronesian
aikl1237,,aikl1237,Aiklep,mwg,Papunesia,-6.23575,149.571,Austronesian
bulu1253,,bulu1253,Bulu (Papua New Guinea),bjl,Papunesia,-5.06134,150.101,Austronesian
kove1237,,kove1237,Kove,kvc,Papunesia,-5.58623,149.63,Austronesian
lusi1240,,lusi1240,Lusi,khl,Papunesia,-5.55033,149.148,Austronesian
lamo1244,,lamo1244,Lamogai,lmg,Papunesia,-5.87071,149.321,Austronesian
mouk1239,,mouk1239,Mouk-Aria,mwh,Papunesia,-5.71155,149.158,Austronesian
anem1249,,anem1249,Anem,anz,Papunesia,-5.54836,148.993,Anem
unea1237,,unea1237,Uneapa,bbn,Papunesia,-4.89383,149.141,Austronesian
mudu1242,,mudu1242,Muduapa,wiv,Papunesia,-4.69751,149.489,Austronesian
solo1258,,solo1258,Solong,aaw,Papunesia,-5.86129,148.825,Austronesian
bari1286,,bari1286,Bariai,bch,Papunesia,-5.5087,148.666,Austronesian
male1289,,male1289,Maleu-Kilenge,mgl,Papunesia,-5.61613,148.445,Austronesian
bina1277,,bina1277,Binandere,bhg,Papunesia,-8.37433,147.884,Nuclear Trans New Guinea
aeka1244,,aeka1244,Aeka,aez,Papunesia,-8.855095,147.99477,Nuclear Trans New Guinea
moun1252,,moun1252,Mountain Koiali,kpx,Papunesia,-9.06973,147.384,Koiarian
hunj1241,,hunj1241,Hunjara-Kaina Ke,hkk,Papunesia,-8.92,147.9,Nuclear Trans New Guinea
orok1269,,orok1269,Orokaiva,okv,Papunesia,-8.79019,148.09,Nuclear Trans New Guinea
ewag1241,,ewag1241,Ewage-Notu,nou,Papunesia,-8.68756,148.405,Nuclear Trans New Guinea
baru1269,,baru1269,Baruga,bjz,Papunesia,-9.40132,148.761,Nuclear Trans New Guinea
kora1294,,kora1294,Korafe-Yegha,kpr,Papunesia,-9.07,149.267,Nuclear Trans New Guinea
aiom1240,,aiom1240,Aiome,aki,Papunesia,-5.13467,144.765,Lower Sepik-Ramu
nucl1630,,nucl1630,Barai,bbb,Papunesia,-9.46246,147.899,Koiarian
mais1250,,mais1250,Maisin,mbq,Papunesia,-9.22853,148.731,Austronesian
yare1248,,yare1248,Yareba,yrb,Papunesia,-9.50651,148.605,Yareban
arif1239,,arif1239,Arifama-Miniafia,aai,Papunesia,-9.15565,149.246,Austronesian
ubir1237,,ubir1237,Ubir,ubr,Papunesia,-9.59044,149.396,Austronesian
dima1252,,dima1252,Dima,jma,Papunesia,-9.70322,149.605,Dagan
uman1240,,uman1240,Umanakaina,gdn,Papunesia,-9.89671,149.658,Dagan
ginu1240,,ginu1240,Ginuman,gnm,Papunesia,-10.0298,149.7,Dagan
kana1288,,kana1288,Kanasi,soq,Papunesia,-10.1658,149.751,Dagan
doga1238,,doga1238,Doga,dgg,Papunesia,-9.63698,149.841,Austronesian
anuk1239,,anuk1239,Anuki,aui,Papunesia,-9.6692,149.822,Austronesian
aree1239,,aree1239,Are,mwc,Papunesia,-9.67147,149.999,Austronesian
gapa1238,,gapa1238,Gapapaiwa,pwg,Papunesia,-9.73317,149.854,Austronesian
ghay1237,,ghay1237,Ghayavi,bmk,Papunesia,-10.011,149.84,Austronesian
dawa1242,,dawa1242,Dawawa,dww,Papunesia,-10.1692,149.999,Austronesian
buhu1237,,buhu1237,Buhutu,bxh,Papunesia,-10.5074,150.18,Austronesian
waga1268,,waga1268,Wagawaga,wgb,Papunesia,-10.41792,150.37814,Austronesian
tawa1275,,tawa1275,Tawala,tbo,Papunesia,-10.3115,150.644,Austronesian
bwan1241,,bwan1241,Bwanabwana,tte,Papunesia,-10.6599,151.034,Austronesian
kani1281,,kani1281,Kaninuwa,wat,Papunesia,-9.23148,150.253,Austronesian
idun1242,,idun1242,Iduna,viv,Papunesia,-9.34361,150.24,Austronesian
bwai1242,,bwai1242,Bwaidoka,bwd,Papunesia,-9.51158,150.297,Austronesian
iama1237,,iama1237,Iamalele,yml,Papunesia,-9.45005,150.573,Austronesian
dobu1241,,dobu1241,Dobu,dob,Papunesia,-9.63239,150.825,Austronesian
kili1267,,kili1267,Kilivila,kij,Papunesia,-8.72574,151.072,Austronesian
muyu1244,,muyu1244,Muyuw,myw,Papunesia,-9.195,152.731,Austronesian
misi1243,,misi1243,Misima-Paneati,mpx,Papunesia,-10.6821,152.696,Austronesian
nimo1246,,nimo1246,Nimoa,nmw,Papunesia,-11.2297,153.158,Austronesian
sude1239,,sude1239,Sudest,tgo,Papunesia,-11.5229,153.488,Austronesian
yele1255,,yele1255,Yele,yle,Papunesia,-11.3796,154.127,Yele
meke1243,,meke1243,Mekeo,mek,Papunesia,-8.23853,146.586,Austronesian
waim1251,,waim1251,Waima,rro,Papunesia,-8.67145,146.544,Austronesian
kuni1263,,kuni1263,Kuni,kse,Papunesia,-8.66368,146.874,Austronesian
lala1268,,lala1268,Lala,nrz,Papunesia,-8.93195,146.749,Austronesian
abad1241,,abad1241,Abadi,kbt,Papunesia,-9.03389,146.992,Austronesian
kuni1267,,kuni1267,Kunimaipa,kup,Papunesia,-8.09371,146.908,Goilalan
fuyu1242,,fuyu1242,Fuyug,fuy,Papunesia,-8.6371,147.312,Goilalan
koit1244,,koit1244,Koitabu,kqi,Papunesia,-9.36877,147.079,Koiarian
gras1249,,gras1249,Grass Koiari,kbk,Papunesia,-9.51218,147.437,Koiarian
hume1246,,hume1246,Humene,huf,Papunesia,-9.70693,147.562,Kwalean
uare1241,,uare1241,Uare,ksj,Papunesia,-9.69571,147.687,Kwalean
doro1266,,doro1266,Doromu-Koki,kqc,Papunesia,-9.56687,147.986,Manubaran
motu1246,,motu1246,Motu,meu,Papunesia,-9.67492,147.424,Austronesian
sina1266,,sina1266,Sinaugoro,snc,Papunesia,-9.79791,147.861,Austronesian
hula1239,,hula1239,Hula,hul,Papunesia,-9.99427,147.705,Austronesian
keap1239,,keap1239,Keapara,khz,Papunesia,-10.1342,147.95,Austronesian
domu1245,,domu1245,Domu,dof,Papunesia,-10.151,148.45,Mailuan
bina1275,,bina1275,Binahari-Neme,bxz,Papunesia,-10.0874,148.835,Mailuan
mora1273,,mora1273,Morawa,mze,Papunesia,-10.1321,148.671,Mailuan
mail1248,,mail1248,Mailu,mgu,Papunesia,-10.3657,149.521,Mailuan
daga1275,,daga1275,Daga,dgz,Papunesia,-9.9747,149.263,Dagan
mago1248,,mago1248,Magori,zgr,Papunesia,-10.2321,149.26,Austronesian
dano1240,,dano1240,Dano,aso,Papunesia,-5.92188,145.254,Nuclear Trans New Guinea
alek1238,,alek1238,Alekano,gah,Papunesia,-6.03901,145.387,Nuclear Trans New Guinea
sian1257,,sian1257,Siane,snp,Papunesia,-6.13188,145.247,Nuclear Trans New Guinea
yawe1241,,yawe1241,Yaweyuha,yby,Papunesia,-6.1868,145.359,Nuclear Trans New Guinea
bena1264,,bena1264,Benabena,bef,Papunesia,-6.09974,145.534,Nuclear Trans New Guinea
yaga1260,,yaga1260,Yagaria,ygr,Papunesia,-6.32432,145.388,Nuclear Trans New Guinea
abag1245,,abag1245,Abaga,abg,Papunesia,-6.12028,145.665,Nuclear Trans New Guinea
kama1370,,kama1370,Kamano,kbq,Papunesia,-6.25829,145.728,Nuclear Trans New Guinea
agar1252,,agar1252,Agarabi,agd,Papunesia,-6.20604,145.917,Nuclear Trans New Guinea
gads1258,,gads1258,Gadsup,gaj,Papunesia,-6.31631,145.997,Nuclear Trans New Guinea
binu1245,,binu1245,Binumarien,bjr,Papunesia,-6.22068,146.102,Nuclear Trans New Guinea
sout2943,,sout2943,South Tairora,omw,Papunesia,-6.35337,145.883,Nuclear Trans New Guinea
nort2920,,nort2920,North Tairora,tbg,Papunesia,-6.51563,145.959,Nuclear Trans New Guinea
awiy1238,,awiy1238,Awiyaana,auy,Papunesia,-6.54079,145.76,Nuclear Trans New Guinea
usar1243,,usar1243,Usarufa,usa,Papunesia,-6.38898,145.633,Nuclear Trans New Guinea
kani1286,,kani1286,Kanite,kmu,Papunesia,-6.38841,145.556,Nuclear Trans New Guinea
keya1238,,keya1238,Keyagana,kyg,Papunesia,-6.47599,145.464,Nuclear Trans New Guinea
inok1238,,inok1238,Inoke-Yate,ino,Papunesia,-6.32311,145.539,Nuclear Trans New Guinea
kama1374,,kama1374,Kamano-Yagaria,,,,,Nuclear Trans New Guinea
gimi1243,,gimi1243,Gimi (Eastern Highlands),gim,Papunesia,-6.42097,145.214,Nuclear Trans New Guinea
fore1270,,fore1270,Fore,for,Papunesia,-6.64473,145.5065,Nuclear Trans New Guinea
awap1236,,awap1236,Awa (Papua New Guinea),awb,Papunesia,-6.65534,145.714,Nuclear Trans New Guinea
baru1267,,baru1267,Baruya,byr,Papunesia,-6.89261,145.818,Angan
ipil1240,,ipil1240,Ipili,ipi,Papunesia,-5.42586,143.089,Nuclear Trans New Guinea
enga1252,,enga1252,Enga,enq,Papunesia,-5.45619,143.685,Nuclear Trans New Guinea
kyak1244,,kyak1244,Kyaka,kyc,Papunesia,-5.52462,144.119,Nuclear Trans New Guinea
lemb1266,,lemb1266,Lembena,leq,Papunesia,-4.99504,143.891,Nuclear Trans New Guinea
melp1238,,melp1238,Melpa,med,Papunesia,-5.62644,144.34,Nuclear Trans New Guinea
umbu1258,,umbu1258,Umbu-Ungu,ubu,Papunesia,-5.9513,143.97,Nuclear Trans New Guinea
nucl1620,,nucl1620,Wahgi,wgi,Papunesia,-6.11629,144.665,Nuclear Trans New Guinea
nort2921,,nort2921,North Wahgi,whg,Papunesia,-5.75356,144.804,Nuclear Trans New Guinea
niii1240,,niii1240,Nii,nii,Papunesia,-5.763,144.518,Nuclear Trans New Guinea
kuma1280,,kuma1280,Kuman,kue,Papunesia,-5.90586,144.977,Nuclear Trans New Guinea
sina1271,,sina1271,Sinasina,sst,Papunesia,-6.08728,145.032,Nuclear Trans New Guinea
goli1247,,goli1247,Golin,gvf,Papunesia,-6.2249,144.8505,Nuclear Trans New Guinea
salt1242,,salt1242,Salt-Yui,sll,Papunesia,-6.26519,145.021,Nuclear Trans New Guinea
chua1250,,chua1250,Chuave,cjv,Papunesia,-6.17824,145.139,Nuclear Trans New Guinea
noma1262,,noma1262,Nomane,nof,Papunesia,-6.30218,145.098,Nuclear Trans New Guinea
dadi1250,,dadi1250,Dadibi,mps,Papunesia,-6.65765,144.511,Teberan
duna1248,,duna1248,Duna,duc,Papunesia,-5.41439,142.475,Duna
huli1244,,huli1244,Huli,hui,Papunesia,-5.97212,142.963,Nuclear Trans New Guinea
onob1238,,onob1238,Onobasulu,onn,Papunesia,-6.30876,142.776,Bosavi
kalu1248,,kalu1248,Kaluli,bco,Papunesia,-6.45932,142.788,Bosavi
fasu1242,,fasu1242,Fasu,faa,Papunesia,-6.62687,143.284,Fasu
kasu1251,,kasu1251,Kasua,khs,Papunesia,-6.64861,142.993,Bosavi
foii1241,,foii1241,Foi,foi,Papunesia,-6.47258,143.495,East Kutubu
anga1293,,anga1293,Angal,age,Papunesia,-6.0127,143.592,Nuclear Trans New Guinea
anga1294,,anga1294,Angal Enen,aoe,Papunesia,-6.23296,143.583,Nuclear Trans New Guinea
wiru1244,,wiru1244,Wiru,wiu,Papunesia,-6.35863,144.214,Wiru
ikob1240,,ikob1240,Ikobi,meb,Papunesia,-7.30342,143.618,Turama-Kikori
rumu1243,,rumu1243,Rumu,klq,Papunesia,-7.17149,144.179,Turama-Kikori
nort2930,,nort2930,Northeast Kiwai,kiw,Papunesia,-7.39215,144.667,Kiwaian
folo1238,,folo1238,Folopa,ppo,Papunesia,-6.86321,144.458,Teberan
pura1257,,pura1257,Purari,iar,Papunesia,-7.59133,145.036,Purari
anka1246,,anka1246,Ankave,aak,Papunesia,-7.19444,145.754,Angan
simb1255,,simb1255,Simbari,smb,Papunesia,-7.02259,145.603,Angan
tain1253,,tain1253,Tainae,ago,Papunesia,-7.40306,145.682,Angan
akoy1238,,akoy1238,Akoye,miw,Papunesia,-7.66067,145.669,Angan
orok1267,,orok1267,Orokolo,oro,Papunesia,-7.81309,145.34,Eleman
tair1256,,tair1256,Tairuma,uar,Papunesia,-7.94866,145.732,Eleman
opao1240,,opao1240,Opao,opo,Papunesia,-7.85988,145.751,Eleman
hamt1247,,hamt1247,Hamtai,hmt,Papunesia,-7.54975,146.227,Angan
toar1246,,toar1246,Toaripi,tqo,Papunesia,-8.07231,146.206,Eleman
faiw1243,,faiw1243,Faiwol,fai,Papunesia,-5.4967,141.656,Nuclear Trans New Guinea
bimi1240,,bimi1240,Bimin,bhl,Papunesia,-5.38732,142.04,Nuclear Trans New Guinea
ning1274,,ning1274,Ninggerum,nxr,Papunesia,-5.43194,141.158,Nuclear Trans New Guinea
yong1280,,yong1280,Yonggom,yon,Papunesia,-6.42956,141.213,Nuclear Trans New Guinea
aeky1238,,aeky1238,Aekyom,awi,Papunesia,-5.88478,141.532,Kamula-Elevala
pare1271,,pare1271,Pare,ppt,Papunesia,-6.46878,141.658,Kamula-Elevala
femb1238,,femb1238,Fembe,agl,Papunesia,-5.71596,142.254,East Strickland
samo1303,,samo1303,Samo,smq,Papunesia,-6.15496,142.195,East Strickland
beam1240,,beam1240,Beami,beo,Papunesia,-6.14949,142.508,Bosavi
kuni1265,,kuni1265,Kuni-Boazi,kvg,Papunesia,-6.97504,141.365,Anim
zima1244,,zima1244,Zimakani,zik,Papunesia,-7.3701,141.452,Anim
suki1245,,suki1245,Suki,sui,Papunesia,-8.04783,141.842,Suki-Gogodala
kamu1260,,kamu1260,Kamula,xla,Papunesia,-7.28798,142.639,Kamula-Elevala
arii1243,,arii1243,Ari,aac,Papunesia,-7.95526,142.4,Suki-Gogodala
gogo1265,,gogo1265,Gogodala,ggw,Papunesia,-8.08527,142.874,Suki-Gogodala
dibi1240,,dibi1240,Dibiyaso,dby,Papunesia,-7.82096,142.779,Dibiyaso
muba1238,,muba1238,Mubami,tsx,Papunesia,-7.5501,142.998,Anim
tabo1241,,tabo1241,Tabo,knv,Papunesia,-8.09387,143.305,Tabo
blaf1238,,blaf1238,Mblafe-Ránmo,bfh,Papunesia,-8.56161,141.226,Yam
aram1253,,aram1253,Arammba,stk,Papunesia,-8.29593,141.445,Yam
idii1243,,idii1243,Idi-Taeme,idi,Papunesia,-8.75976,142.301,Pahoturi
agob1244,,agob1244,Agob-Ende-Kawam,kit,Papunesia,-9.08521,142.532,Pahoturi
maka1315,,maka1315,Makayam,aup,Papunesia,-8.37312,142.706,Anim
wipi1242,,wipi1242,Wipi,gdr,Papunesia,-8.79741,143.064,Eastern Trans-Fly
bine1240,,bine1240,Bine,bon,Papunesia,-9.08879,142.893,Eastern Trans-Fly
gizr1240,,gizr1240,Gizrra,tof,Papunesia,-9.183,142.804,Eastern Trans-Fly
sout2949,,sout2949,Southern Kiwai,kjd,Papunesia,-8.64889,143.244,Kiwaian
wabo1241,,wabo1241,Waboda,kmx,Papunesia,-8.41651,143.501,Kiwaian
bamu1257,,bamu1257,Bamu,bcf,Papunesia,-7.93818,143.545,Kiwaian
komb1272,,komb1272,Kombio,xbi,Papunesia,-3.48467,142.694,Nuclear Torricelli
urat1244,,urat1244,Urat,urt,Papunesia,-3.60065,142.79,Nuclear Torricelli
bumb1241,,bumb1241,Bumbita Arapesh,aon,Papunesia,-3.65508,142.859,Nuclear Torricelli
mufi1238,,mufi1238,Mufian,aoj,Papunesia,-3.57932,142.955,Nuclear Torricelli
kwan1278,,kwan1278,Kwanga,kwj,Papunesia,-3.74263,142.711,Sepik
yess1239,,yess1239,Yessan-Mayo,yss,Papunesia,-4.15721,142.574,Sepik
kwom1262,,kwom1262,Kwoma,kmo,Papunesia,-4.08721,142.664,Sepik
mana1298,,mana1298,Manambu,mle,Papunesia,-4.19082,142.862,Ndu
yera1243,,yera1243,Yerakai,yra,Papunesia,-4.28828,142.947,Yerakai
iter1241,,iter1241,Iteri,itr,Papunesia,-4.11998,141.585,Left May
bopa1235,,bopa1235,Bo (Papua New Guinea),bpw,Papunesia,-4.32114,141.45,Left May
amap1240,,amap1240,Ama (Papua New Guinea),amm,Papunesia,-4.20192,141.658,Left May
iwam1256,,iwam1256,Iwam,iwm,Papunesia,-4.27346,141.817,Sepik
papi1255,,papi1255,Papi,ppe,Papunesia,-4.4725,142.011,Papi
sani1270,,sani1270,Saniyo-Hiyewe,sny,Papunesia,-4.4376,142.369,Sepik
bahi1254,,bahi1254,Bahinemo,bjh,Papunesia,-4.55527,142.832,Sepik
piam1243,,piam1243,Piame,pin,Papunesia,-4.85835,142.784,Sepik
buki1249,,buki1249,Bukiyip,ape,Papunesia,-3.47169,143.111,Nuclear Torricelli
boik1241,,boik1241,Boikin,bzf,Papunesia,-3.68297,143.474,Ndu
kair1263,,kair1263,Kairiru,kxa,Papunesia,-3.34608,143.558,Austronesian
ambu1247,,ambu1247,Ambulas,abt,Papunesia,-3.7801,143.059,Ndu
wiar1238,,wiar1238,Wiarumus,tua,Papunesia,-3.63409,143.756,Nuclear Torricelli
kaie1237,,kaie1237,Kaiep,kbw,Papunesia,-3.70524,143.884,Austronesian
kama1367,,kama1367,Kamasau,kms,Papunesia,-3.8503,143.842,Nuclear Torricelli
bung1270,,bung1270,Bungain,but,Papunesia,-3.69674,143.796,Nuclear Torricelli
juwa1238,,juwa1238,Juwal,mwb,Papunesia,-3.78596,143.681,Nuclear Torricelli
urim1251,,urim1251,Urimo,urx,Papunesia,-3.86066,143.701,Nuclear Torricelli
buru1309,,buru1309,Burui,bry,Papunesia,-4.03527,143.015,Ndu
ango1255,,ango1255,Angoram,aog,Papunesia,-4.07758,144.028,Lower Sepik-Ramu
cham1313,,cham1313,Chambri,can,Papunesia,-4.27831,143.097,Lower Sepik-Ramu
iatm1242,,iatm1242,Iatmul,ian,Papunesia,-4.30064,143.316,Ndu
kapr1245,,kapr1245,Kapriman,dju,Papunesia,-4.51011,143.241,Sepik
biwa1243,,biwa1243,Biwat,bwm,Papunesia,-4.39429,143.873,Yuat
woge1237,,woge1237,Wogeo,woc,Papunesia,-3.20238,144.089,Austronesian
biem1237,,biem1237,Biem,bmc,Papunesia,-3.61342,144.816,Austronesian
muri1260,,muri1260,Murik (Papua New Guinea),mtf,Papunesia,-3.86959,144.166,Lower Sepik-Ramu
buna1277,,buna1277,Buna,bvn,Papunesia,-3.95553,144.119,Nuclear Torricelli
kopa1248,,kopa1248,Kopar,xop,Papunesia,-3.98259,144.466,Lower Sepik-Ramu
wata1253,,wata1253,Watam,wax,Papunesia,-4.02591,144.583,Lower Sepik-Ramu
amba1269,,amba1269,Ambakich,aew,Papunesia,-4.23181,144.285,Keram
apma1241,,apma1241,Ap Ma,kbx,Papunesia,-4.35147,144.085,Keram
bana1292,,bana1292,Banaro,byz,Papunesia,-4.56615,144.329,Lower Sepik-Ramu
wutu1244,,wutu1244,Wutung,wut,Papunesia,-2.64636,141.104,Sko
vani1248,,vani1248,Vanimo,vam,Papunesia,-2.68501,141.258,Sko
wara1302,,wara1302,Bauni,bpe,Papunesia,-3.07263,142.012,Sko
siss1243,,siss1243,Sissano,sso,Papunesia,-3.01976,142.049,Austronesian
kapp1237,,kapp1237,Kap,ykm,Papunesia,-3.28761,142.659,Austronesian
ulau1237,,ulau1237,Ulau-Suain,svb,Papunesia,-3.32876,142.845,Austronesian
pagi1244,,pagi1244,Pagi,pgi,Papunesia,-3.04649,141.246,Border
wari1266,,wari1266,Waris,wrs,Papunesia,-3.139,140.931,Border
aman1265,,aman1265,Amanab,amn,Papunesia,-3.51516,141.178,Border
ango1254,,ango1254,Angor,agg,Papunesia,-3.7167,141.199,Senagi
fass1245,,fass1245,Momu-Fas,fqs,Papunesia,-3.10868,141.64,Baibai-Fas
baib1251,,baib1251,Baibai,bbf,Papunesia,-3.42672,141.345,Baibai-Fas
nucl1593,,nucl1593,Kwomtari,kwo,Papunesia,-3.50718,141.488,Kwomtari-Nai
guri1248,,guri1248,Guriaso,grx,Papunesia,-3.5718,141.597,Guriaso
naii1241,,naii1241,Nai,bio,Papunesia,-3.73034,141.273,Kwomtari-Nai
kark1258,,kark1258,Karkar-Yuri,yuj,Papunesia,-3.74954,141.098,Pauwasi
yale1246,,yale1246,Yale,nce,Papunesia,-3.79762,141.566,Yale
odia1239,,odia1239,Odiai,bhf,Papunesia,-3.82276,141.336,Odiai
abau1245,,abau1245,Abau,aau,Papunesia,-3.97222,141.324,Sepik
mehe1243,,mehe1243,Mehek,nux,Papunesia,-3.70927,142.498,Sepik
siaw1243,,siaw1243,Siawi,mmp,Papunesia,-4.05312,141.42,Amto-Musan
amto1250,,amto1250,Amto,amt,Papunesia,-4.12165,141.339,Amto-Musan
oloo1241,,oloo1241,Olo,ong,Papunesia,-3.2929,142.131,Nuclear Torricelli
elke1240,,elke1240,Elkei,elk,Papunesia,-3.45544,142.093,Nuclear Torricelli
diaa1238,,diaa1238,Alu-Sinagen,dia,Papunesia,-3.38837,142.248,Nuclear Torricelli
mini1253,,mini1253,Minidien,wii,Papunesia,-3.59408,142.33,Nuclear Torricelli
sili1247,,sili1247,Siliput,mkc,Papunesia,-3.60838,142.397,Nuclear Torricelli
beli1258,,beli1258,Beli (Papua New Guinea),bey,Papunesia,-3.67881,142.34,Nuclear Torricelli
heyo1240,,heyo1240,Heyo,auk,Papunesia,-3.83003,142.471,Nuclear Torricelli
yaha1247,,yaha1247,Yahang,rhp,Papunesia,-3.73035,142.4,Nuclear Torricelli
amol1235,,amol1235,Mol,alx,Papunesia,-3.46843,142.532,Nuclear Torricelli
yang1296,,yang1296,Yangum Mon,ymo,Papunesia,-3.55,142.527,Nuclear Torricelli
wana1268,,wana1268,Wanap,wnp,Papunesia,-3.59639,142.5,Nuclear Torricelli
valm1241,,valm1241,Walman,van,Papunesia,-3.24963,142.499,Nuclear Torricelli
tele1256,,tele1256,Telefol,tlf,Papunesia,-5.07444,141.731,Nuclear Trans New Guinea
tifa1245,,tifa1245,Tifal,tif,Papunesia,-5.03899,141.293,Nuclear Trans New Guinea
tuwa1242,,tuwa1242,Tuwari,tww,Papunesia,-4.80315,142.095,Walioic
oksa1245,,oksa1245,Oksapmin,opm,Papunesia,-5.20797,142.177,Nuclear Trans New Guinea
kova1243,,kova1243,Kovai,kqb,Papunesia,-5.61712,147.862,Nuclear Trans New Guinea
mbul1263,,mbul1263,Mbula,mna,Papunesia,-5.66965,148.041,Austronesian
mutu1242,,mutu1242,Mutu,tuc,Papunesia,-5.79405,148.014,Austronesian
timb1251,,timb1251,Timbe,tim,Papunesia,-6.06875,147.057,Nuclear Trans New Guinea
sele1250,,sele1250,Selepet,spl,Papunesia,-6.03532,147.234,Nuclear Trans New Guinea
komb1273,,komb1273,Komba,kpf,Papunesia,-6.16163,147.28,Nuclear Trans New Guinea
sioo1240,,sioo1240,Sio,xsi,Papunesia,-5.96037,147.353,Austronesian
gitu1237,,gitu1237,Gitua,ggt,Papunesia,-6.0151,147.485,Austronesian
miga1241,,miga1241,Migabac,mpp,Papunesia,-6.33237,147.713,Nuclear Trans New Guinea
onoo1246,,onoo1246,Ono,ons,Papunesia,-6.19223,147.579,Nuclear Trans New Guinea
dedu1240,,dedu1240,Dedua,ded,Papunesia,-6.38206,147.627,Nuclear Trans New Guinea
piuu1237,,piuu1237,Piu,pix,Papunesia,-6.96694,146.455,Austronesian
kapi1250,,kapi1250,Kapin,tbx,Papunesia,-7.05732,146.529,Austronesian
pate1247,,pate1247,Patep,ptp,Papunesia,-6.91988,146.639,Austronesian
damb1246,,damb1246,Dambi,dac,Papunesia,-7.00587,146.474,Austronesian
gora1262,,gora1262,Gorakor,goc,Papunesia,-6.85564,146.579,Austronesian
wamp1247,,wamp1247,Wampar,lbq,Papunesia,-6.67364,146.662,Austronesian
mapo1242,,mapo1242,Mapos Buang,bzh,Papunesia,-6.86672,146.774,Austronesian
mang1404,,mang1404,Mangga Buang,mmo,Papunesia,-6.99891,146.685,Austronesian
yama1260,,yama1260,Yamap,ymp,Papunesia,-7.05687,146.817,Austronesian
hote1245,,hote1245,Hote,hot,Papunesia,-7.07708,146.869,Austronesian
iwal1237,,iwal1237,Iwal,kbm,Papunesia,-7.20938,146.983,Austronesian
kela1255,,kela1255,Kela (Papua New Guinea),kcl,Papunesia,-7.47103,147.173,Austronesian
buga1250,,buga1250,Bugawac,buk,Papunesia,-6.67519,147.32,Austronesian
tami1290,,tami1290,Tami,tmy,Papunesia,-6.70017,147.732,Austronesian
waff1241,,waff1241,Waffa,waj,Papunesia,-6.55783,146.09,Nuclear Trans New Guinea
safe1240,,safe1240,Safeyoka,apz,Papunesia,-7.05417,146.09,Angan
kawa1276,,kawa1276,Kawacha,kcb,Papunesia,-6.95411,146.20997,Angan
meny1245,,meny1245,Menya,mcr,Papunesia,-7.17425,146.071,Angan
bian1252,,bian1252,Biangai,big,Papunesia,-7.33882,146.765,Goilalan
weri1253,,weri1253,Weri,wer,Papunesia,-7.71834,146.914,Goilalan
guhu1244,,guhu1244,Guhu-Samane,ghs,Papunesia,-7.99922,147.228,Nuclear Trans New Guinea
yeko1240,,yeko1240,Yekora,ykr,Papunesia,-7.86248,147.463,Nuclear Trans New Guinea
ziaa1250,,ziaa1250,Zia,zia,Papunesia,-7.95814,147.579,Nuclear Trans New Guinea
sout2877,,sout2877,South Watut,mcy,Papunesia,-7.03751,146.409,Austronesian
sara1323,,sara1323,Sarasira,zsa,Papunesia,-6.18,146.4,Austronesian
adze1240,,adze1240,Adzera,adz,Papunesia,-6.39394,146.294,Austronesian
ufim1240,,ufim1240,Ufim,ufi,Papunesia,-6.05128,146.245,Nuclear Trans New Guinea
want1252,,want1252,Wantoat,wnc,Papunesia,-6.15216,146.513,Nuclear Trans New Guinea
urii1240,,urii1240,Uri,uvh,Papunesia,-6.41993,146.608,Nuclear Trans New Guinea
kube1244,,kube1244,Kulungtfu-Yuanggeng-Tobo,kgf,Papunesia,-6.42586,147.536,Nuclear Trans New Guinea
mape1249,,mape1249,Mape,mlh,Papunesia,-6.59318,147.682,Nuclear Trans New Guinea
buru1306,,buru1306,Burum-Mindik,bmu,Papunesia,-6.51663,147.333,Nuclear Trans New Guinea
naba1256,,naba1256,Nabak,naf,Papunesia,-6.42709,146.966,Nuclear Trans New Guinea
naka1264,,naka1264,Nakama,nib,Papunesia,-6.41424,146.782,Nuclear Trans New Guinea
numa1254,,numa1254,Numanggang,nop,Papunesia,-6.39311,146.719,Nuclear Trans New Guinea
bosn1248,,bosn1248,Bosngun,bqs,Papunesia,-4.16201,144.647,Lower Sepik-Ramu
mana1295,,mana1295,Manam,mva,Papunesia,-4.07921,145.033,Austronesian
kire1240,,kire1240,Kire,geb,Papunesia,-4.25927,144.711,Lower Sepik-Ramu
arua1260,,arua1260,Aruamu,msy,Papunesia,-4.28957,144.842,Lower Sepik-Ramu
sepa1241,,sepa1241,Sepa (Papua New Guinea),spe,Papunesia,-4.27,144.965,Austronesian
lila1246,,lila1246,Lilau,lll,Papunesia,-4.35479,144.99,Bogia
kang1291,,kang1291,Kanggape,igm,Papunesia,-4.4153,144.816,Lower Sepik-Ramu
tang1355,,tang1355,Tanggu,tgu,Papunesia,-4.4621,144.916,Lower Sepik-Ramu
maia1254,,maia1254,Maia,sks,Papunesia,-4.50212,145.096,Nuclear Trans New Guinea
mala1494,,mala1494,Mala (Papua New Guinea),ped,Papunesia,-4.35889,145.04,Nuclear Trans New Guinea
maia1253,,maia1253,Maiani,tnh,Papunesia,-4.55066,145.239,Nuclear Trans New Guinea
mauw1238,,mauw1238,Mauwake,mhl,Papunesia,-4.52416,145.394,Nuclear Trans New Guinea
mede1237,,mede1237,Medebur,mjm,Papunesia,-4.49918,145.425,Austronesian
brem1238,,brem1238,Barem,buq,Papunesia,-4.67372,145.562,Nuclear Trans New Guinea
brer1240,,brer1240,Breri,brq,Papunesia,-4.73271,144.707,Lower Sepik-Ramu
musa1265,,musa1265,Hember Avu,mmi,Papunesia,-4.70258,145.413,Nuclear Trans New Guinea
wask1241,,wask1241,Waskia,wsk,Papunesia,-4.57978,145.979,Nuclear Trans New Guinea
dimi1244,,dimi1244,Gavak,dmc,Papunesia,-4.8296,145.676,Nuclear Trans New Guinea
taki1248,,taki1248,Takia,tbc,Papunesia,-4.69057,145.975,Austronesian
barg1252,,barg1252,Bargam,mlp,Papunesia,-4.8723,145.756,Nuclear Trans New Guinea
garu1246,,garu1246,Garus,gyb,Papunesia,-4.9222,145.683,Nuclear Trans New Guinea
kobo1249,,kobo1249,Kobon,kpw,Papunesia,-5.16446,144.46,Nuclear Trans New Guinea
kala1397,,kala1397,Kalam,kmh,Papunesia,-5.25216,144.585,Nuclear Trans New Guinea
mate1260,,mate1260,Matepi,mqe,Papunesia,-5.13857,145.617,Nuclear Trans New Guinea
mari1428,,mari1428,Marik,dad,Papunesia,-5.349,145.59,Austronesian
remp1241,,remp1241,Rempi,rmp,Papunesia,-5.02487,145.782,Nuclear Trans New Guinea
nobo1238,,nobo1238,Nobonob,gaw,Papunesia,-5.06952,145.712,Nuclear Trans New Guinea
geda1237,,geda1237,Gedaged,gdd,Papunesia,-5.18175,145.781,Austronesian
wagi1249,,wagi1249,Wagi (Papua New Guinea),fad,Papunesia,-5.17834,145.726,Nuclear Trans New Guinea
bilb1241,,bilb1241,Bilibil,brz,Papunesia,-5.26505,145.764,Austronesian
amel1241,,amel1241,Amele,aey,Papunesia,-5.29126,145.687,Nuclear Trans New Guinea
sopp1247,,sopp1247,Sop,urw,Papunesia,-5.49605,145.361,Nuclear Trans New Guinea
gend1249,,gend1249,Gende,gaf,Papunesia,-5.67528,145.177,Nuclear Trans New Guinea
tauy1241,,tauy1241,Tauya,tya,Papunesia,-5.74255,145.366,Nuclear Trans New Guinea
biyo1244,,biyo1244,Biyom,bpm,Papunesia,-5.79929,145.348,Nuclear Trans New Guinea
urig1240,,urig1240,Urigina,urg,Papunesia,-5.58982,145.507,Nuclear Trans New Guinea
anja1238,,anja1238,Anjam,boj,Papunesia,-5.45899,145.717,Nuclear Trans New Guinea
bong1291,,bong1291,Bongu,bpu,Papunesia,-5.50519,145.806,Nuclear Trans New Guinea
siro1249,,siro1249,Siroi,ssd,Papunesia,-5.52893,145.994,Nuclear Trans New Guinea
rawa1267,,rawa1267,Rawa,rwo,Papunesia,-5.83155,145.937,Nuclear Trans New Guinea
mari1429,,mari1429,Mari (Madang Province),hob,Papunesia,-5.97399,145.828,Austronesian
saep1240,,saep1240,Saep,spd,Papunesia,-5.64812,146.078,Nuclear Trans New Guinea
iyoo1238,,iyoo1238,Iyo,nca,Papunesia,-5.84161,146.092,Nuclear Trans New Guinea
kolo1267,,kolo1267,Kolom,klm,Papunesia,-5.57832,146.212,Nuclear Trans New Guinea
yabo1240,,yabo1240,Yabong,ybo,Papunesia,-5.61718,146.2065,Nuclear Trans New Guinea
nekg1240,,nekg1240,Nekgini,nkg,Papunesia,-5.64364,146.253,Nuclear Trans New Guinea
neko1240,,neko1240,Neko,nej,Papunesia,-5.60034,146.306,Nuclear Trans New Guinea
awad1244,,awad1244,Awad Bing,bcu,Papunesia,-5.59896,146.355,Austronesian
arop1243,,arop1243,Arop-Lokep,apr,Papunesia,-5.31671,147.103,Austronesian
mapa1244,,mapa1244,Ma (Papua New Guinea),mjn,Papunesia,-5.73869,146.364,Nuclear Trans New Guinea
dege1247,,dege1247,Degenan,dge,Papunesia,-5.70892,146.572,Nuclear Trans New Guinea
mala1489,,mala1489,Malalamai,mmt,Papunesia,-5.77495,146.642,Austronesian
domu1246,,domu1246,Domung,dev,Papunesia,-5.81856,146.682,Nuclear Trans New Guinea
yopn1238,,yopn1238,Yopno,yut,Papunesia,-5.94085,146.661,Nuclear Trans New Guinea
penc1239,,penc1239,Penchal,pek,Papunesia,-2.29891,147.81,Austronesian
lenk1247,,lenk1247,Lenkau,ler,Papunesia,-2.33367,147.742,Austronesian
moke1240,,moke1240,Mokerang,mft,Papunesia,-2.01602,147.423,Austronesian
mond1265,,mond1265,Mondropolon,npn,Papunesia,-2.01359,146.931,Austronesian
tulu1259,,tulu1259,Tulu-Bohuai,rak,Papunesia,-2.14155,146.934,Austronesian
seim1238,,seim1238,Seimat,ssg,Papunesia,-1.2666667,144.25,Austronesian
wuvu1239,,wuvu1239,Wuvulu-Aua,wuv,Papunesia,-1.73938,142.851,Austronesian
mamu1254,,mamu1254,Mamusi,kdf,Papunesia,-5.84776,151.033,Austronesian
lote1237,,lote1237,Lote,uvl,Papunesia,-5.954,150.911,Austronesian
lesi1239,,lesi1239,Lesing-Gelimi,let,Papunesia,-6.19889,150.506,Austronesian
apal1255,,apal1255,Apalik,apo,Papunesia,-6.29002,149.96,Austronesian
tour1243,,tour1243,Toura (Papua New Guinea),don,Papunesia,-9.10008,146.988,Austronesian
anem1248,,anem1248,Aneme Wake,aby,Papunesia,-9.75911,148.479,Yareban
bauw1240,,bauw1240,Bauwaki,bwk,Papunesia,-9.82577,148.815,Mailuan
mari1435,,mari1435,Maring,mbw,Papunesia,-5.44015,144.642,Nuclear Trans New Guinea
nara1264,,nara1264,Narak,nac,Papunesia,-5.5591,144.754,Nuclear Trans New Guinea
hewa1241,,hewa1241,Hewa,ham,Papunesia,-5.03635,142.551,Sepik
samb1321,,samb1321,Samberigi,ssx,Papunesia,-6.7028,143.951,Nuclear Trans New Guinea
kona1242,,kona1242,Konai,kxw,Papunesia,-5.66011,142.069,East Strickland
kubo1242,,kubo1242,Kubo,jko,Papunesia,-5.92584,142.183,East Strickland
goba1246,,goba1246,Gobasi,goi,Papunesia,-6.48678,142.201,East Strickland
edol1239,,edol1239,Edolo,etr,Papunesia,-6.11618,142.65,Bosavi
abin1243,,abin1243,Abinomn,bsa,Papunesia,-2.92281,138.891,Abinomn
asue1235,,asue1235,Asue Awyu,psa,Papunesia,-5.98341,139.123,Nuclear Trans New Guinea
cent2118,,cent2118,Central Awyu,awu,Papunesia,-6.29363,139.693,Nuclear Trans New Guinea
yaqa1246,,yaqa1246,Yaqay,jaq,Papunesia,-6.66632,139.249,Anim
nucl1634,,nucl1634,Skou,skv,Papunesia,-2.64378,140.902,Sko
toba1266,,toba1266,Tobati,tti,Papunesia,-2.56434,140.71,Austronesian
nucl1632,,nucl1632,Sentani,set,Papunesia,-2.6013,140.512,Sentanic
tabl1243,,tabl1243,Tabla,tnm,Papunesia,-2.45368,140.396,Sentanic
tarp1240,,tarp1240,Tarpia,tpf,Papunesia,-2.322279,140.115497,Austronesian
vito1235,,vito1235,Vitou,vto,Papunesia,-2.1111,139.1098,Tor-Orya
yamn1237,,yamn1237,Yamna,ymn,Papunesia,-2.09118,139.206,Austronesian
masi1265,,masi1265,Masimasi,ism,Papunesia,-2.00717,139.04,Austronesian
liki1241,,liki1241,Liki,lio,Papunesia,-1.60652,138.731,Austronesian
wakd1237,,wakd1237,Wakde,wkd,Papunesia,-1.98457,139.008,Austronesian
pauw1243,,pauw1243,Pauwi,,Papunesia,-1.65,137.8,Austronesian
geel1240,,geel1240,Geelvink Bay,,,,,Geelvink Bay
waro1242,,waro1242,Waropen,wrp,Papunesia,-2.31142,136.633,Austronesian
morm1235,,morm1235,Mor (Mor Islands),mhz,Papunesia,-2.87055,135.95,Austronesian
kamo1255,,kamo1255,Kamoro,kgq,Papunesia,-4.30433,135.883,Nuclear Trans New Guinea
tand1253,,tand1253,Tandia,tni,Papunesia,-2.84228,134.532,Austronesian
dusn1237,,dusn1237,Dusner,dsn,Papunesia,-2.73859,134.391,Austronesian
yaur1239,,yaur1239,Yaur,jau,Papunesia,-3.32519,134.879,Austronesian
wand1267,,wand1267,Wandamen,wad,Papunesia,-2.25622,133.996,Austronesian
mani1235,,mani1235,Sougb,mnx,Papunesia,-1.49611,133.95,East Bird's Head
onin1245,,onin1245,Onin,oni,Papunesia,-2.75976,132.062,Austronesian
ihaa1241,,ihaa1241,Iha,ihp,Papunesia,-2.81013,132.271,West Bomberai
buru1308,,buru1308,Buruwai,asi,Papunesia,-3.54561,133.327,Nuclear Trans New Guinea
kowi1239,,kowi1239,Kowiai,kwh,Papunesia,-4.21954,133.468,Austronesian
nucl1594,,nucl1594,Mairasi,zrs,Papunesia,-3.4511,134.071,Mairasic
semi1264,,semi1264,Semimi,etz,Papunesia,-3.71553,134.454,Mairasic
nucl1622,,nucl1622,Marind,mrz,Papunesia,-8.15651,140.009,Anim
wara1294,,wara1294,Anta-Komnzo-Wára-Wérè-Kémä,tci,Papunesia,-8.64917,141.52,Yam
kala1377,,kala1377,Kala Lagaw Ya,mwp,Australia,-10.6748,142.196,Pama-Nyungan
bara1378,,bara1378,Baramu,bmz,Papunesia,-8.4885,143.002,Anim
biak1248,,biak1248,Biak,bhw,Papunesia,-0.9523,135.879,Austronesian
east2466,,east2466,East Central Maluku,,,,,Austronesian
komb1274,,komb1274,Kombai,tyn,Papunesia,-5.54543,139.902,Nuclear Trans New Guinea
yelm1242,,yelm1242,Southern Yelmek,jel,Papunesia,-7.93,139.32,Bulaka River
makl1246,,makl1246,Maklew,mgf,Papunesia,-7.74424,139.273,Bulaka River
kani1282,,kani1282,Kaniet,ktk,Papunesia,-1.51777,145.086,Austronesian
kani1283,,kani1283,Kaniet-Dempwolff,,Papunesia,-0.892611,145.543794,Austronesian
raka1237,,raka1237,Rakahanga-Manihiki,rkh,Papunesia,-10.03,-161.09,Austronesian
watu1247,,watu1247,Watubela,wah,Papunesia,-4.47294,131.641,Austronesian
paul1238,,paul1238,Paulohi,plh,Papunesia,-3.25404,128.779,Austronesian
leti1246,,leti1246,Leti (Indonesia),lti,Papunesia,-8.19808,127.674,Austronesian
sawa1247,,sawa1247,Sawai,szw,Papunesia,0.51111,128.086,Austronesian
gane1237,,gane1237,Gane,gzn,Papunesia,-0.42618,127.976,Austronesian
east2440,,east2440,East Makian,mky,Papunesia,0.07337,127.423,Austronesian
west2600,,west2600,West Makian,mqs,Papunesia,0.45332,127.63,North Halmahera
tern1247,,tern1247,Ternate,tft,Papunesia,0.80562,127.333,North Halmahera
tido1248,,tido1248,Tidore,tvo,Papunesia,0.02461,127.746,North Halmahera
baca1243,,baca1243,Bacanese Malay,btj,Papunesia,-0.62275,127.49,Austronesian
indo1317,,indo1317,Indonesian Bajau,bdl,Papunesia,-3.68664,122.253,Austronesian
bilu1244,,bilu1244,Bilur,bxf,Papunesia,-4.39732,152.334,Austronesian
herm1237,,herm1237,Hermit,llf,Papunesia,-1.52891,145.075,Austronesian
cent2117,,cent2117,Central Asmat,cns,Papunesia,-5.80391,138.471,Nuclear Trans New Guinea
sout2941,,sout2941,South Awyu,aws,Papunesia,-7.36301,139.538,Nuclear Trans New Guinea
eder1237,,eder1237,Edera Awyu,awy,Papunesia,-7.0038,139.914,Nuclear Trans New Guinea
jair1235,,jair1235,Kia River Awyu,awv,Papunesia,-6.79732,140.104,Nuclear Trans New Guinea
mand1445,,mand1445,Mandobo Bawah,bwp,Papunesia,-6.37255,140.451,Nuclear Trans New Guinea
karn1252,,karn1252,Karnai,bbv,Papunesia,-5.74133,147.917,Austronesian
namb1293,,namb1293,Nambo,ncm,Papunesia,-8.74501,141.931,Yam
east2516,,east2516,East Kewa,kjs,Papunesia,-6.32989,143.931,Nuclear Trans New Guinea
anga1314,,anga1314,Angal Mendi,,,,,Nuclear Trans New Guinea
biso1243,,biso1243,Bisorio,bir,Papunesia,-4.77763,143.213,Nuclear Trans New Guinea
nete1240,,nete1240,Nete,net,Papunesia,-5.02368,143.029,Nuclear Trans New Guinea
kaia1245,,kaia1245,Kaian,kct,Papunesia,-4.06543,144.756,Lower Sepik-Ramu
bore1247,,bore1247,Borei,gai,Papunesia,-4.08697,144.715,Lower Sepik-Ramu
awar1249,,awar1249,Awar,aya,Papunesia,-4.13554,144.836,Lower Sepik-Ramu
sepe1240,,sepe1240,Sepen,spm,Papunesia,-4.22789,144.809,Lower Sepik-Ramu
tang1356,,tang1356,Tanguat,tbs,Papunesia,-4.57282,144.927,Lower Sepik-Ramu
anda1284,,anda1284,Andarum,aod,Papunesia,-4.48734,144.767,Lower Sepik-Ramu
inap1241,,inap1241,Itutang-Inapang,mzu,Papunesia,-4.67614,144.9,Lower Sepik-Ramu
akru1241,,akru1241,Chini,afi,Papunesia,-4.88687,144.821,Lower Sepik-Ramu
romk1240,,romk1240,Romkun,rmk,Papunesia,-4.58919,144.689,Lower Sepik-Ramu
anor1241,,anor1241,Anor,anj,Papunesia,-4.98449,144.801,Lower Sepik-Ramu
raoo1244,,raoo1244,Rao,rao,Papunesia,-4.85243,144.511,Lower Sepik-Ramu
abuu1241,,abuu1241,Abu,ado,Papunesia,-4.24027,144.474,Lower Sepik-Ramu
goro1261,,goro1261,Gorovu,grq,Papunesia,-4.52947,144.59,Lower Sepik-Ramu
nucl1458,,nucl1458,Monumbo,mxk,Papunesia,-4.2717,144.95,Bogia
taia1239,,taia1239,Taiap,gpn,Papunesia,-4.05047,144.506,Taiap
labu1248,,labu1248,Labu,lbu,Papunesia,-6.75,146.903,Austronesian
numb1247,,numb1247,Numbami,sij,Papunesia,-7.52806,147.298,Austronesian
yabe1254,,yabe1254,Yabem,jae,Papunesia,-6.67052,147.81,Austronesian
mala1487,,mala1487,Malasanga,mqz,Papunesia,-5.9401,147.058,Austronesian
mato1252,,mato1252,Mato,met,Papunesia,-5.91639,146.859,Austronesian
ronj1237,,ronj1237,Ronji,roe,Papunesia,-5.80782,146.731,Austronesian
midd1327,,midd1327,Middle Watut,mpl,Papunesia,-6.88249,146.399126,Austronesian
suku1264,,suku1264,Sukurum,zsu,Papunesia,-6.28,146.34187,Austronesian
nort2857,,nort2857,North Watut,una,Papunesia,-6.64084,146.218,Austronesian
wamp1248,,wamp1248,Wampur,waz,Papunesia,-6.33644,146.126,Austronesian
duwe1237,,duwe1237,Duwet,gve,Papunesia,-6.45752,146.841,Austronesian
muso1238,,muso1238,Musom,msu,Papunesia,-6.53817,146.93,Austronesian
nafi1237,,nafi1237,Nafi,srf,Papunesia,-6.43306,146.815,Austronesian
arib1240,,arib1240,Aribwaung,ylu,Papunesia,-6.65252,146.919,Austronesian
vehe1237,,vehe1237,Vehes,val,Papunesia,-6.92151,146.895,Austronesian
kate1253,,kate1253,Kâte,kmg,Papunesia,-6.4795,147.757,Nuclear Trans New Guinea
boro1279,,boro1279,Borong,ksr,Papunesia,-6.56688,147.511,Nuclear Trans New Guinea
moma1243,,moma1243,Momare,msz,Papunesia,-6.3409,147.79,Nuclear Trans New Guinea
sene1263,,sene1263,Sene,sej,Papunesia,-6.3859,147.807,Nuclear Trans New Guinea
kina1251,,kina1251,Kinalakna,kco,Papunesia,-6.05862,147.442,Nuclear Trans New Guinea
kumu1247,,kumu1247,Kumukio,kuo,Papunesia,-6.03128,147.411,Nuclear Trans New Guinea
mese1244,,mese1244,Mese,mci,Papunesia,-6.56072,147.137,Nuclear Trans New Guinea
nomu1240,,nomu1240,Nomu,noh,Papunesia,-6.10429,147.5,Nuclear Trans New Guinea
sial1240,,sial1240,Sialum,slw,Papunesia,-6.07688,147.574,Nuclear Trans New Guinea
fino1238,,fino1238,Finongan,fag,Papunesia,-6.33005,146.629,Nuclear Trans New Guinea
gusa1246,,gusa1246,Gusan,gsn,Papunesia,-6.28998,146.679,Nuclear Trans New Guinea
mama1277,,mama1277,Mamaa,mhf,Papunesia,-6.35558,146.576,Nuclear Trans New Guinea
mung1272,,mung1272,Mungkip,mpv,Papunesia,-6.46208,146.747,Nuclear Trans New Guinea
nekk1240,,nekk1240,Nek,nif,Papunesia,-6.37697,146.841,Nuclear Trans New Guinea
nimi1240,,nimi1240,Nimi,nis,Papunesia,-6.34065,146.679,Nuclear Trans New Guinea
nukk1240,,nukk1240,Nuk,noc,Papunesia,-6.40741,146.875,Nuclear Trans New Guinea
sauk1252,,sauk1252,Ma Manda,skc,Papunesia,-6.31958,146.759,Nuclear Trans New Guinea
tuma1250,,tuma1250,Tuma-Irumu,iou,Papunesia,-6.29221,146.609,Nuclear Trans New Guinea
bonk1244,,bonk1244,Bonkiman,bop,Papunesia,-5.84007,146.738,Nuclear Trans New Guinea
nukn1238,,nukn1238,Nukna,klt,Papunesia,-6.0177,146.969,Nuclear Trans New Guinea
saka1292,,saka1292,Sakam,skm,Papunesia,-6.18726,146.702,Nuclear Trans New Guinea
somm1240,,somm1240,Som,smc,Papunesia,-6.07366,146.651,Nuclear Trans New Guinea
weli1239,,weli1239,Weliki,klh,Papunesia,-5.98588,147.137,Nuclear Trans New Guinea
yaum1237,,yaum1237,Yau (Morobe Province),yuw,Papunesia,-6.08274,146.841,Nuclear Trans New Guinea
wase1252,,wase1252,Wasembo,gsp,Papunesia,-6.01318,145.969,Nuclear Trans New Guinea
anga1290,,anga1290,Angaataha,agm,Papunesia,-7.15012,146.352,Angan
kama1360,,kama1360,Kamasa,klp,Papunesia,-6.97411,146.20797,Angan
yagw1240,,yagw1240,Yagwoia,ygw,Papunesia,-7.14042,145.854,Angan
susu1251,,susu1251,Susuami,ssu,Papunesia,-7.19275,146.561,Angan
suen1241,,suen1241,Suena,sue,Papunesia,-7.76339,147.534,Nuclear Trans New Guinea
kara1499,,kara1499,Kalamang,kgv,Papunesia,-3.47037,132.678,West Bomberai
baha1258,,baha1258,Baham,bdw,Papunesia,-3.10628,132.637,West Bomberai
argu1237,,argu1237,Arguni,agf,Papunesia,-2.645798,132.5556,Austronesian
irar1238,,irar1238,Irarutu,irh,Papunesia,-2.94438,133.586,Austronesian
kuri1260,,kuri1260,Nabi,nbn,Papunesia,-2.80683,134.098,Austronesian
aran1237,,aran1237,Dombano,jbj,Papunesia,-2.08016,132.983,South Bird's Head Family
kemb1235,,kemb1235,Kemberano,bzp,Papunesia,-2.24495,132.988,South Bird's Head Family
koko1265,,koko1265,Kokoda,xod,Papunesia,-2.12872,132.449,South Bird's Head Family
pura1253,,pura1253,Puragi,pru,Papunesia,-2.05779,132.304,South Bird's Head Family
yaha1248,,yaha1248,Yahadian,ner,Papunesia,-1.94317,132.096,Konda-Yahadian
kond1303,,kond1303,Yaben (Konda),knd,Papunesia,-1.82635,132.06,Konda-Yahadian
kais1235,,kais1235,Kais,kzm,Papunesia,-1.78077,132.312,South Bird's Head Family
tehi1237,,tehi1237,Tehit,kps,Papunesia,-1.51049,131.985,West Bird's Head
kala1256,,kala1256,Kalabra,kzz,Papunesia,-1.43074,131.617,West Bird's Head
mora1239,,mora1239,Moraid,msg,Papunesia,-1.04083,131.965,West Bird's Head
moii1235,,moii1235,Moi (Indonesia),mxn,Papunesia,-0.96532,131.52,West Bird's Head
sege1235,,sege1235,Seget,sbg,Papunesia,-1.36931,131.218,West Bird's Head
lege1241,,lege1241,Legenyem,lcc,Papunesia,-0.3592,130.749,Austronesian
maya1282,,maya1282,Misool-Salawati Ma'ya,slz,Papunesia,-1.22329,130.909,Austronesian
made1253,,made1253,Salawati,xmx,Papunesia,-1.05325,130.833,Austronesian
waig1244,,waig1244,Waigeo,wgo,Papunesia,-0.17957,130.917,Austronesian
maib1239,,maib1239,Maybrat-Karon,ayz,Papunesia,-1.3679,132.591,Maybrat-Karon
abun1252,,abun1252,Abun,kgr,Papunesia,-0.57073,132.416,Abun
mpur1239,,mpur1239,Mpur,akc,Papunesia,-0.7489,133.166,Mpur
meya1236,,meya1236,Meyah,mej,Papunesia,-1.18016,133.618,East Bird's Head
mans1260,,mans1260,Mansim,,Papunesia,-0.915054,134.011116,Hatam-Mansim
hata1243,,hata1243,Hatam,had,Papunesia,-1.13531,134.037,Hatam-Mansim
mapi1250,,mapi1250,Mapia,mpy,Papunesia,0.908889,134.304722,Austronesian
meos1237,,meos1237,Meoswar,mvx,Papunesia,-2.07828,134.378,Austronesian
roon1237,,roon1237,Roon,rnn,Papunesia,-2.43005,134.556,Austronesian
yere1243,,yere1243,Yeretuar,gop,Papunesia,-3.01713,134.656,Austronesian
ires1239,,ires1239,Yerisiam,ire,Papunesia,-3.62803,135.025,Austronesian
tung1293,,tung1293,Tunggare,trt,Papunesia,-3.37462,135.551,Geelvink Bay
pomm1237,,pomm1237,Pom,pmo,Papunesia,-1.64224,135.619,Austronesian
ansu1237,,ansu1237,Ansus,and,Papunesia,-1.7543,135.866,Austronesian
sawe1240,,sawe1240,Saweru,swr,Papunesia,-1.91473,136.296,Yawa-Saweru
nucl1454,,nucl1454,Yawa,yva,Papunesia,-1.77196,136.263,Yawa-Saweru
amba1265,,amba1265,Ambai,amk,Papunesia,-1.88126,136.526,Austronesian
seru1244,,seru1244,Serui-Laut,seu,Papunesia,-1.87766,136.252,Austronesian
wabo1240,,wabo1240,Wabo,wbb,Papunesia,-1.77297,136.757,Austronesian
ware1253,,ware1253,Warembori,wsa,Papunesia,-1.65941,137.566,Austronesian
bagu1251,,bagu1251,Bagusa,bqb,Papunesia,-1.98844,137.914,Greater Kwerba
kauw1242,,kauw1242,Kauwera,xau,Papunesia,-2.22799,138.157,Greater Kwerba
burm1264,,burm1264,Burmeso,bzu,Papunesia,-2.47582,138.203,Burmeso
sika1263,,sika1263,Sikaritai,tty,Papunesia,-2.80285,138.287,Lakes Plain
sama1240,,sama1240,Samarokena,tmj,Papunesia,-1.84878,138.34,Greater Kwerba
isir1237,,isir1237,Isirawa,srl,Papunesia,-1.88775,138.595,Greater Kwerba
beri1254,,beri1254,Berik,bkl,Papunesia,-2.26904,138.866,Tor-Orya
kwes1245,,kwes1245,Kwesten,kwt,Papunesia,-2.03622,138.853,Tor-Orya
sobe1238,,sobe1238,Sobei,sob,Papunesia,-1.86998,138.75,Austronesian
anus1237,,anus1237,Anus,auq,Papunesia,-2.26271,139.502,Austronesian
bong1287,,bong1287,Bonggo,bpg,Papunesia,-2.28044,139.576,Austronesian
mawe1251,,mawe1251,Mawes,mgk,Papunesia,-2.36944,139.752,Mawes
orya1242,,orya1242,Orya,ury,Papunesia,-2.76483,139.89,Tor-Orya
mare1261,,mare1261,Maremgi,mrx,Papunesia,-2.31915,139.673,Tor-Orya
kemt1242,,kemt1242,Kemtuik,kmt,Papunesia,-2.64894,140.372,Nimboranic
mekw1241,,mekw1241,Mekwei,msf,Papunesia,-2.52264,140.326,Nimboranic
nucl1633,,nucl1633,Nimboran,nir,Papunesia,-2.5803,140.179,Nimboranic
mlap1238,,mlap1238,Mlap,kja,Papunesia,-2.57316,140.264,Nimboranic
nafr1241,,nafr1241,Nafri,nxx,Papunesia,-2.65036,140.727,Sentanic
ormu1248,,ormu1248,Ormu,orz,Papunesia,-2.51361,140.6015,Austronesian
demt1241,,demt1241,Demta,dmy,Papunesia,-2.38475,140.166,Sentanic
mane1266,,mane1266,Manem,jet,Papunesia,-2.99145,141.02,Border
seng1285,,seng1285,Senggi,snu,Papunesia,-3.41983,140.77,Border
taik1255,,taik1255,Taikat,aos,Papunesia,-2.9408,140.7495,Border
awyi1241,,awyi1241,Awyi,auw,Papunesia,-3.00564,140.604,Border
ndug1245,,ndug1245,Nduga,ndx,Papunesia,-4.34043,138.411,Nuclear Trans New Guinea
west2594,,west2594,Western Dani,dnw,Papunesia,-3.77127,138.217,Nuclear Trans New Guinea
yafi1240,,yafi1240,Yafi,wfg,Papunesia,-3.39765,140.897,Pauwasi
emum1240,,emum1240,Emumu,enr,Papunesia,-3.74242,140.903,Pauwasi
dera1245,,dera1245,Dera (Indonesia),kbv,Papunesia,-3.52309,140.947,Senagi
moni1261,,moni1261,Moni,mnz,Papunesia,-3.72962,136.886,Nuclear Trans New Guinea
wola1243,,wola1243,Wolani,wod,Papunesia,-3.41642,136.703,Nuclear Trans New Guinea
ekar1243,,ekar1243,Ekari,ekg,Papunesia,-3.88974,136.018,Nuclear Trans New Guinea
demm1245,,demm1245,Dem,dem,Papunesia,-3.72183,137.632,Dem
dama1272,,dama1272,Damal,uhn,Papunesia,-4.17345,137.496,Damal
semp1241,,semp1241,Sempan,xse,Papunesia,-5.17582,137.588,Nuclear Trans New Guinea
unaa1239,,unaa1239,Una,mtg,Papunesia,-4.69676,140.1,Nuclear Trans New Guinea
yeii1239,,yeii1239,Yei,jei,Papunesia,-7.87489,140.863,Yam
ngka1235,,ngka1235,Ngkontar Ngkolmpu,kcd,Papunesia,-8.87044,140.818,Yam
sout2940,,sout2940,South Muyu,kts,Papunesia,-6.01385,140.815,Nuclear Trans New Guinea
moro1289,,moro1289,Marori,mok,Papunesia,-8.5692,140.688,Marori
wana1273,,wana1273,Wanam Yelmek,,Papunesia,-7.451,139.108,Bulaka River
nucl1452,,nucl1452,Mombum,mso,Papunesia,-8.27141,138.773,Mombum-Koneraw
kima1246,,kima1246,Kimaama,kig,Papunesia,-8.01899,138.355,Kolopom
ndom1245,,ndom1245,Ndom,nqm,Papunesia,-7.93553,138.019,Kolopom
rian1263,,rian1263,Riantana,ran,Papunesia,-7.50746,138.484,Kolopom
nort2916,,nort2916,North Muyu,kti,Papunesia,-5.55319,140.84,Nuclear Trans New Guinea
ngal1298,,ngal1298,Ngalum,szb,Papunesia,-4.67682,141.03,Nuclear Trans New Guinea
mand1444,,mand1444,Mandobo Atas,aax,Papunesia,-5.69357,140.624,Nuclear Trans New Guinea
urua1244,,urua1244,Uruangnirin,urn,Papunesia,-3.45498,132.745,Austronesian
bedo1237,,bedo1237,Bedoanas,bed,Papunesia,-2.74438,132.566,Austronesian
erok1237,,erok1237,Erokwanas,erw,Papunesia,-2.83746,132.705,Austronesian
tana1288,,tana1288,Tanahmerah,tcm,Papunesia,-2.5523,133.18,Tanahmerah
mara1397,,mara1397,Marau,mvr,Papunesia,-1.66738,135.797,Austronesian
kaur1271,,kaur1271,Kaure-Narau,bpp,Papunesia,-3.39188,140.14,Kaure-Kosare
dubu1240,,dubu1240,Dubu,dmu,Papunesia,-3.62591,140.768,Pauwasi
towe1240,,towe1240,Towei,ttn,Papunesia,-3.87428,140.803,Pauwasi
molo1262,,molo1262,Molof,msl,Papunesia,-3.41946,140.557,Molof
usku1243,,usku1243,Usku,ulf,Papunesia,-3.63853,140.502,Usku
tofa1246,,tofa1246,Tofanma,tlg,Papunesia,-3.74322,140.591,Namla-Tofanma
bian1251,,bian1251,Bian Marind,bpv,Papunesia,-7.35942,140.568,Anim
auuu1241,,auuu1241,Au,avt,Papunesia,-3.53277,142.105,Nuclear Torricelli
yaus1235,,yaus1235,Yau (Sandaun Province),yyu,Papunesia,-3.4663,141.974,Nuclear Torricelli
pouy1238,,pouy1238,Pouye,bye,Papunesia,-3.72704,141.864,Sepik
agii1245,,agii1245,Agi,aif,Papunesia,-3.49104,142.387,Nuclear Torricelli
aruo1240,,aruo1240,Srenge,lsr,Papunesia,-3.45782,142.478,Nuclear Torricelli
ning1273,,ning1273,Ningil,niz,Papunesia,-3.49733,142.251,Nuclear Torricelli
yiss1240,,yiss1240,Yis,yis,Papunesia,-3.57371,141.88,Nuclear Torricelli
yill1241,,yill1241,Yil,yll,Papunesia,-3.46501,142.178,Nuclear Torricelli
kara1495,,kara1495,Karawa,xrw,Papunesia,-3.69933,142.018,Sepik
amal1242,,amal1242,Amal,aad,Papunesia,-4.04517,141.995,Sepik
ineb1235,,ineb1235,Inebu One,oin,Papunesia,-3.38015,141.892,Nuclear Torricelli
nami1256,,nami1256,Namia,nnm,Papunesia,-3.85538,141.788,Sepik
urim1252,,urim1252,Urim,uri,Papunesia,-3.58018,142.653,Nuclear Torricelli
seta1245,,seta1245,Seta,stf,Papunesia,-3.42155,141.748,Nuclear Torricelli
seti1248,,seti1248,Seti,sbi,Papunesia,-3.45521,141.827,Nuclear Torricelli
awtu1239,,awtu1239,Awtuw,kmn,Papunesia,-3.53129,141.928,Sepik
pahi1246,,pahi1246,Pahi,lgt,Papunesia,-3.79935,142.299,Sepik
torr1259,,torr1259,Aro,tei,Papunesia,-3.45292,142.622,Nuclear Torricelli
nabi1239,,nabi1239,Nabi-Metan,mty,Papunesia,-3.52828,142.329,Nuclear Torricelli
sina1269,,sina1269,Galu,siu,Papunesia,-3.42446,142.367,Nuclear Torricelli
mend1268,,mend1268,Mende (Papua New Guinea),sim,Papunesia,-3.67233,142.683,Sepik
sera1260,,sera1260,Sera,sry,Papunesia,-2.9854,141.951,Austronesian
tuml1238,,tuml1238,Tumleo,tmq,Papunesia,-3.14955,142.346,Austronesian
arue1240,,arue1240,Aruek,aur,Papunesia,-3.37841,142.715,Nuclear Torricelli
kris1246,,kris1246,I'saka,ksi,Papunesia,-2.80084,141.303,Sko
kilm1241,,kilm1241,Kilmeri,kih,Papunesia,-2.88607,141.191,Border
ning1275,,ning1275,Ningera,nby,Papunesia,-2.77145,141.454,Border
rawo1244,,rawo1244,Rawo,rwa,Papunesia,-2.84201,141.603,Sko
puar1240,,puar1240,Puare,pux,Papunesia,-2.90121,141.715,Sko
womp1235,,womp1235,Wom (Papua New Guinea),wmo,Papunesia,-3.5332,142.87,Nuclear Torricelli
owin1240,,owin1240,Owiniga,owi,Papunesia,-4.47476,141.697,Left May
kalo1262,,kalo1262,Kalou,ywa,Papunesia,-3.93985,142.217,Sepik
akkk1240,,akkk1240,Ak,akq,Papunesia,-3.57026,141.784,Sepik
awun1245,,awun1245,Auwon,aww,Papunesia,-3.79671,141.999,Sepik
auwe1239,,auwe1239,Auwe,smf,Papunesia,-3.33662,141.254,Border
daon1243,,daon1243,Daonda,dnd,Papunesia,-3.31443,141.22,Border
imon1245,,imon1245,Imonda,imn,Papunesia,-3.31228,141.171,Border
suga1249,,suga1249,Suganga,sug,Papunesia,-4.5071,141.2,Nuclear Trans New Guinea
pyuu1245,,pyuu1245,Pyu,pby,Papunesia,-4.45003,141.018,Pyu
yetf1238,,yetf1238,Yetfa,yet,Papunesia,-4.05884,140.653,Yetfa
tabr1243,,tabr1243,Tabriak,tzx,Papunesia,-4.49162,143.593,Lower Sepik-Ramu
else1239,,else1239,Elseng,mrf,Papunesia,-3.00176,140.418,Elseng
mong1344,,mong1344,Mwakai,mgt,Papunesia,-4.30038,143.965,Keram
yima1243,,yima1243,Yimas,yee,Papunesia,-4.71731,143.572,Lower Sepik-Ramu
nanu1240,,nanu1240,Nanubae,afk,Papunesia,-4.71731,143.937,Arafundi
alam1246,,alam1246,Alamblak,amp,Papunesia,-4.66307,143.316,Sepik
chan1319,,chan1319,Changriwa,cga,Papunesia,-4.28364,143.696,Yuat
mekm1240,,mekm1240,Mekmek,mvk,Papunesia,-4.47017,143.75,Yuat
yaul1241,,yaul1241,Ulwa (Papua New Guinea),yla,Papunesia,-4.39912,143.993,Keram
kiss1246,,kiss1246,Kis,kis,Papunesia,-3.83909,143.96,Austronesian
lang1328,,lang1328,Pondi,lnm,Papunesia,-4.32557,143.925,Keram
pina1252,,pina1252,Pinai-Hagahai,pnn,Papunesia,-5.12624,144.137,Piawi
kyen1243,,kyen1243,Kyenele,kql,Papunesia,-4.66964,143.855,Yuat
sosk1235,,sosk1235,Sos Kundi,sdk,Papunesia,-3.99024,143.396,Ndu
bika1251,,bika1251,Bikaru-Bragge,bic,Papunesia,-4.86,142.945,Bookkeeping
niks1238,,niks1238,Niksek,gbe,Papunesia,-4.82581,142.45,Sepik
nucl1453,,nucl1453,Walio,wla,Papunesia,-4.41234,142.231,Walioic
peii1238,,peii1238,Pei,ppq,Papunesia,-4.43974,142.247,Walioic
chen1259,,chen1259,Chenapian,cjn,Papunesia,-4.25154,142.317,Sepik
bunn1240,,bunn1240,Bun,buv,Papunesia,-4.51885,143.892,Yuat
elep1240,,elep1240,Elepi,ele,Papunesia,-3.7505,143.93,Nuclear Torricelli
anda1283,,anda1283,Andai,afd,Papunesia,-4.96449,143.637,Arafundi
more1258,,more1258,Moresada,msx,Papunesia,-4.57497,144.988,Nuclear Trans New Guinea
matu1261,,matu1261,Matukar,mjk,Papunesia,-4.9078,145.779,Austronesian
muru1273,,muru1273,Murupi,mqw,Papunesia,-5.0245,145.606,Nuclear Trans New Guinea
imbo1238,,imbo1238,Imbongu,imo,Papunesia,-6.13629,144.026,Nuclear Trans New Guinea
murp1234,,murp1234,Mur Pano,tkv,Papunesia,-5.6642,146.522,Austronesian
mole1239,,mole1239,Molet,,Papunesia,-5.663114,146.525207,Nuclear Trans New Guinea
asar1240,,asar1240,Asaro'o,mtv,Papunesia,-5.68263,146.508,Nuclear Trans New Guinea
abua1245,,abua1245,Abu' Arapesh,aah,Papunesia,-3.461612,142.917031,Nuclear Torricelli
komi1271,,komi1271,Kominimung,xoi,Papunesia,-4.68537,144.783,Lower Sepik-Ramu
igan1243,,igan1243,Igana,igg,Papunesia,-4.70942,144.841,Lower Sepik-Ramu
toka1244,,toka1244,Tokano,zuh,Papunesia,-6.05047,145.298,Nuclear Trans New Guinea
haru1245,,haru1245,Haruai,tmd,Papunesia,-5.09522,144.3375,Piawi
tape1242,,tape1242,Tapei,afp,Papunesia,-4.77763,143.337,Arafundi
male1291,,male1291,Male (Papua New Guinea),mdc,Papunesia,-5.49975,145.757,Nuclear Trans New Guinea
samm1244,,samm1244,Sam,snx,Papunesia,-5.55572,145.813,Nuclear Trans New Guinea
yang1298,,yang1298,Yangulam,ynl,Papunesia,-5.52697,145.858,Nuclear Trans New Guinea
pani1258,,pani1258,Panim,pnr,Papunesia,-5.21388,145.752,Nuclear Trans New Guinea
arop1242,,arop1242,Arop-Sissano,aps,Papunesia,-3.06984,142.12,Austronesian
gant1244,,gant1244,Gants,gao,Papunesia,-5.28113,144.771,Nuclear Trans New Guinea
taua1242,,taua1242,Tauade,ttd,Papunesia,-8.3486,147.094,Goilalan
omie1241,,omie1241,Ömie,aom,Papunesia,-9.03136,148.107,Koiarian
amam1246,,amam1246,Amam,,Papunesia,-7.9,146.92,Goilalan
anam1248,,anam1248,Anamuxra,imi,Papunesia,-4.63762,144.991,Nuclear Trans New Guinea
atoh1238,,atoh1238,Atohwaim,aqm,Papunesia,-6.27123,138.666,Kayagaric
trim1239,,trim1239,Trimuris,tip,Papunesia,-2.15863,138.027,Greater Kwerba
tamn1235,,tamn1235,Tamnim Citak,tml,Papunesia,-5.57962,139.233,Nuclear Trans New Guinea
kere1286,,kere1286,Kerewo,kxz,Papunesia,-7.551,144.309,Kiwaian
ipik1244,,ipik1244,Ipiko,ipo,Papunesia,-7.37424,144.863,Anim
nend1239,,nend1239,Nend,anh,Papunesia,-5.04271,144.886,Nuclear Trans New Guinea
nank1250,,nank1250,Nankina,nnk,Papunesia,-5.80804,146.464,Nuclear Trans New Guinea
gres1240,,gres1240,Gresi,grs,Papunesia,-2.72229,140.279,Nimboranic
atem1241,,atem1241,Mand,ate,Papunesia,-5.08137,144.806,Nuclear Trans New Guinea
payn1244,,payn1244,Manat,pmr,Papunesia,-4.94303,144.879,Nuclear Trans New Guinea
sile1255,,sile1255,Sirva,sbq,Papunesia,-4.98243,145.225,Nuclear Trans New Guinea
aisi1234,,aisi1234,Aisian,,,,,Nuclear Trans New Guinea
fait1240,,fait1240,Kulsab,faj,Papunesia,-5.59947,145.298,Nuclear Trans New Guinea
tamb1257,,tamb1257,Tambora,xxt,Papunesia,-8.25,118.0,Tambora
ngal1300,,ngal1300,Ngala,nud,Papunesia,-4.26628,142.5,Ndu
yelo1243,,yelo1243,Yalaku,ylg,Papunesia,-4.09907,142.808,Ndu
mian1254,,mian1254,Miani,pla,Papunesia,-4.42116,145.276,Nuclear Trans New Guinea
sisi1250,,sisi1250,Sisiqa,,Papunesia,-7.0,156.83,Austronesian
yaos1235,,yaos1235,Yaosakor Asmat,asy,Papunesia,-5.61024,138.582,Nuclear Trans New Guinea
mouw1234,,mouw1234,Mouwase,jmw,Papunesia,-7.442,143.808,Turama-Kikori
bari1298,,bari1298,Barikewa,jbk,Papunesia,-7.09739,143.99279,Turama-Kikori
nede1245,,nede1245,Klamu,nec,Papunesia,-8.28776,124.192,Timor-Alor-Pantar
kafo1240,,kafo1240,Kafoa,kpu,Papunesia,-8.36572,124.446,Timor-Alor-Pantar
wela1235,,wela1235,Welaun,wlh,Papunesia,-9.097288,125.239513,Austronesian
lowe1415,,lowe1415,Lower Grand Valley Dani,dni,Papunesia,-4.25684,138.992,Nuclear Trans New Guinea
midg1235,,midg1235,Mid Grand Valley Dani,dnt,Papunesia,-4.06322,138.945,Nuclear Trans New Guinea
waer1237,,waer1237,Kolor,wrx,Papunesia,-8.78645,120.70299,Austronesian
komo1261,,komo1261,Komodo,kvh,Papunesia,-8.64518,119.477,Austronesian
riun1237,,riun1237,Riung,riu,Papunesia,-8.60342,121.122,Austronesian
nage1237,,nage1237,Nage,nxe,Papunesia,-8.70513,121.31,Austronesian
ende1246,,ende1246,Ende,end,Papunesia,-8.70998,121.555,Austronesian
koro1313,,koro1313,Koromira,kqj,Papunesia,-6.39399,155.742,South Bougainville
tere1277,,tere1277,Tereweng,twg,Papunesia,-8.48063,124.271,Timor-Alor-Pantar
kaye1241,,kaye1241,Kayeli,kzl,Papunesia,-3.39247,127.118,Austronesian
lise1239,,lise1239,Lisela,lcl,Papunesia,-3.27358,126.981,Austronesian
bati1253,,bati1253,Bati (Indonesia),bvt,Papunesia,-3.61403,130.815,Austronesian
kurr1245,,kurr1245,Kur,kuv,Papunesia,-5.34077,131.986,Austronesian
gamk1238,,gamk1238,Gamkonora,gak,Papunesia,1.34308,127.506,North Halmahera
mari1438,,mari1438,Maria (Papua New Guinea),mds,Papunesia,-9.92982,148.303,Manubaran
moik1239,,moik1239,Moikodi,mkp,Papunesia,-9.60232,148.312,Yareban
nawa1258,,nawa1258,Nawaru,nwr,Papunesia,-9.37935,148.237,Yareban
dogh1241,,dogh1241,Doghoro,dgx,Papunesia,-9.13688,148.766,Nuclear Trans New Guinea
bari1290,,bari1290,Bariji,bjc,Papunesia,-9.231,148.454,Yareban
bina1274,,bina1274,Binahari-Ma,,Papunesia,-10.133855,148.723092,Mailuan
laua1245,,laua1245,Laua,luf,Papunesia,-10.16145,149.25747,Mailuan
ooku1235,,ooku1235,Ooku,,Papunesia,-10.13509,149.100566,Mailuan
onjo1240,,onjo1240,Onjob,onj,Papunesia,-9.31824,149.121,Dagan
budi1249,,budi1249,Budibud,btp,Papunesia,-9.29802,153.689,Austronesian
biag1234,,biag1234,Biage,bdf,Papunesia,-8.8794,147.6533,Koiarian
mula1254,,mula1254,Mulaha,mfw,Papunesia,-9.68333,147.45,Kwalean
kunj1246,,kunj1246,Kánchá,pep,Papunesia,-8.92289,141.424,Yam
namo1246,,namo1246,Namo,mxw,Papunesia,-9.12416,141.824,Yam
neme1244,,neme1244,Neme,nex,Papunesia,-8.44877,141.849,Yam
mori1271,,mori1271,Morigi,mdb,Papunesia,-7.62961,143.88,Kiwaian
waru1267,,waru1267,Waruna,wrv,Papunesia,-8.23565,142.47,Suki-Gogodala
kara1497,,kara1497,Karami,xar,Papunesia,-7.13333,143.117,Karami
namu1249,,namu1249,Namut-Nginamanu,,Papunesia,-8.578948,120.975435,Austronesian
unub1234,,unub1234,Unubahe,unu,Papunesia,-10.3652,150.2683,Austronesian
kehu1238,,kehu1238,Kehu,khh,Papunesia,-3.19328,136.14,Kehu
kwer1264,,kwer1264,Kwerisa,kkb,Papunesia,-2.99145,138.135,Lakes Plain
mass1263,,mass1263,Massep,mvs,Papunesia,-1.74679,138.294,Massep
west2599,,west2599,West Kewa,kew,Papunesia,-6.32097,143.73,Nuclear Trans New Guinea
erav1244,,erav1244,Erave,kjy,Papunesia,-6.55011,143.918,Nuclear Trans New Guinea
ketu1238,,ketu1238,Ketum,ktt,Papunesia,-5.34647,140.604,Nuclear Trans New Guinea
naka1265,,naka1265,Nakai,nkj,Papunesia,-5.19377,140.512,Nuclear Trans New Guinea
kibi1239,,kibi1239,Kibiri,prm,Papunesia,-7.45276,144.296,Kibiri
awbo1238,,awbo1238,Awbono,awh,Papunesia,-5.05875,139.724,Bayono-Awbono
naml1240,,naml1240,Namla,naa,Papunesia,-3.58,140.66,Namla-Tofanma
angg1239,,angg1239,Angguruk Yali,yli,Papunesia,-4.0836,139.457,Nuclear Trans New Guinea
kawe1240,,kawe1240,Kawe,kgb,Papunesia,-0.17313,130.327,Austronesian
wauy1237,,wauy1237,Wauyai,wuy,Papunesia,-0.2828,130.597,Austronesian
kapt1235,,kapt1235,Kaptiau,kbi,Papunesia,-2.388426,139.795818,Austronesian
sowa1245,,sowa1245,Sowanda,sow,Papunesia,-3.28373,140.92,Border
bone1255,,bone1255,Bonerif,bnv,Papunesia,-2.09529,139.208,Tor-Orya
mand1443,,mand1443,Mander,mqr,Papunesia,-2.29479,138.751,Tor-Orya
itik1240,,itik1240,Itik,itx,Papunesia,-2.18342,139.341,Tor-Orya
kede1239,,kede1239,Keder,kdy,Papunesia,-2.03589,139.081,Tor-Orya
beta1253,,beta1253,Betaf,bfe,Papunesia,-2.12422,139.255,Tor-Orya
dabe1239,,dabe1239,Dabe,dbe,Papunesia,-2.05082,139.116,Tor-Orya
morb1239,,morb1239,Mor (Bomberai Peninsula),moq,Papunesia,-2.85747,132.845,Mor (Bomberai Peninsula)
duri1243,,duri1243,Duriankere,dbn,Papunesia,-1.38946,130.925,Inanwatan
matb1237,,matb1237,Matbat,xmt,Papunesia,-1.8801,130.075,Austronesian
biga1238,,biga1238,Biga,bhc,Papunesia,-1.99574,130.272,Austronesian
niua1241,,niua1241,Niuatoputapu,nkp,Papunesia,-15.957686,-173.778333,Austronesian
kabu1249,,kabu1249,Kaburi,uka,Papunesia,-1.92547,132.528,South Bird's Head Family
taba1263,,taba1263,Tabaru,tby,Papunesia,1.46563,127.633,North Halmahera
waio1238,,waio1238,Waioli,wli,Papunesia,1.2341,127.494,North Halmahera
ibuu1240,,ibuu1240,Ibu,ibu,Papunesia,1.50556,127.542,North Halmahera
gale1259,,gale1259,Galela,gbi,Papunesia,2.31461,128.44,North Halmahera
lolo1264,,lolo1264,Loloda-Laba,loa,Papunesia,1.95461,127.772,North Halmahera
nimo1247,,nimo1247,Nimo,niw,Papunesia,-4.3582,141.578,Left May
yawi1238,,yawi1238,Yawiyo,ybx,Papunesia,-4.58133,142.112,Walioic
mina1274,,mina1274,Minanibai-Foia Foia,mcv,Papunesia,-7.61717,144.011,Anim
keor1235,,keor1235,Keoru-Ahia,xeu,Papunesia,-7.63603,145.415,Eleman
pawa1255,,pawa1255,Pawaia,pwa,Papunesia,-6.88021,145.081,Pawaia
hang1263,,hang1263,Hanga Hundi,wos,Papunesia,-3.90364,142.849,Ndu
kwat1244,,kwat1244,Kwato,kop,Papunesia,-5.53799,145.629,Nuclear Trans New Guinea
sins1241,,sins1241,Kou,snz,Papunesia,-5.64336,145.599,Nuclear Trans New Guinea
saus1246,,saus1246,Sausi,ssj,Papunesia,-5.6873,145.492,Nuclear Trans New Guinea
dump1243,,dump1243,Dumpu,wtf,Papunesia,-5.82002,145.655,Nuclear Trans New Guinea
kesa1244,,kesa1244,Kesawai,xes,Papunesia,-5.76797,145.58,Nuclear Trans New Guinea
magi1243,,magi1243,Magi,gkd,Papunesia,-5.1385,145.1091,Nuclear Trans New Guinea
musa1266,,musa1266,Aisi,mmq,Papunesia,-5.37407,145.197,Nuclear Trans New Guinea
utar1238,,utar1238,Utarmbung,omo,Papunesia,-4.82756,144.924,Nuclear Trans New Guinea
boun1246,,boun1246,Bouni-Bobe,suo,Papunesia,-3.067293,141.932259,Sko
yamb1257,,yamb1257,Yamben,,Papunesia,-4.77103,145.5701,Nuclear Trans New Guinea
seit1239,,seit1239,Seit-Kaitetu,hik,Papunesia,-3.6111,128.068,Austronesian
mahi1249,,mahi1249,Mahigi,,Papunesia,-7.684709,143.234891,Anim
boga1247,,boga1247,Bogaya,boq,Papunesia,-5.54487,142.255,Bogaya
murk1238,,murk1238,Murkim,rmh,Papunesia,-4.07548,140.913,Lepki-Murkim-Kembra
nort2917,,nort2917,Momogo-Pupis-Irogo,nks,Papunesia,-4.89854,138.405,Nuclear Trans New Guinea
bugi1244,,bugi1244,Buginese,bug,Papunesia,-4.47,119.977,Austronesian
bone1254,,bone1254,Bonerate,bna,Papunesia,-7.37657,121.792,Austronesian
mala1481,,mala1481,Manado Malay,xmm,Papunesia,1.48099,124.843,Austronesian
kama1363,,kama1363,Kamayo,kyk,Papunesia,8.10796,126.314,Austronesian
sebu1243,,sebu1243,Sebuyau,snb,Papunesia,1.42104,110.48,Austronesian
sebo1238,,sebo1238,Sebop,sib,Papunesia,3.42701,114.178,Austronesian
saba1267,,saba1267,Sabah Bisaya,bsy,Papunesia,5.30433,115.512,Austronesian
bolo1268,,bolo1268,Bolongan,blj,Papunesia,2.75927,117.293,Austronesian
brun1242,,brun1242,Brunei,kxd,Papunesia,4.456045,114.429505,Austronesian
baub1235,,baub1235,Bau-Jagoi Bidayuh,sne,Papunesia,1.54467,109.985,Austronesian
lela1246,,lela1246,Lelak,llk,Papunesia,4.11426,114.029,Austronesian
naro1251,,naro1251,Narom,nrm,Papunesia,4.42115,114.011,Austronesian
sian1254,,sian1254,Siang,sya,Papunesia,-0.38398,114.693,Austronesian
sibu1258,,sibu1258,Sibu Melanau,sdx,Papunesia,2.26758,111.763,Austronesian
temp1235,,temp1235,Tempasuk Dusun,tdu,Papunesia,6.36389,116.545,Austronesian
trin1273,,trin1273,Tring,tgq,Papunesia,1.335,110.036,Austronesian
umal1239,,umal1239,Uma' Lasan,xky,Papunesia,2.14141,114.205,Austronesian
nege1240,,nege1240,Negeri Sembilan Malay,zmi,Eurasia,2.66503,102.291,Austronesian
sout2912,,sout2912,Coastal-Virac Bikol,bln,Papunesia,13.6989,124.29,Austronesian
biha1246,,biha1246,Bih,ibh,Eurasia,12.483333,108.016667,Austronesian
nort2828,,nort2828,North Moluccan Malay,max,Papunesia,-0.86437,128.323,Austronesian
ambo1250,,ambo1250,Ambonese Malay,abs,Papunesia,-3.71342,128.184,Austronesian
band1353,,band1353,Banda Malay,bpq,Papunesia,-4.55565,129.905,Austronesian
kupa1239,,kupa1239,Kupang Malay,mkn,Papunesia,-10.2526,123.63,Austronesian
lara1260,,lara1260,Larantuka Malay,lrt,Papunesia,-8.4746,122.7619,Austronesian
papu1250,,papu1250,Papuan Malay,pmy,Papunesia,-2.53482,139.651,Austronesian
baba1267,,baba1267,Baba Malay,mbf,Eurasia,1.75414,103.076,Austronesian
tali1262,,tali1262,Taliabu,tlv,Papunesia,-1.79516,124.869,Austronesian
kada1286,,kada1286,Kadai,kzd,Papunesia,-1.74547,125.142,Austronesian
sula1248,,sula1248,Sula,szn,Papunesia,-2.30765,125.9656,Austronesian
pagu1249,,pagu1249,Pagu,pgu,Papunesia,1.2134,127.78,North Halmahera
modo1249,,modo1249,Modole,mqo,Papunesia,1.40199,127.752,North Halmahera
buli1255,,buli1255,Buli (Indonesia),bzq,Papunesia,1.0008,128.443,Austronesian
pata1260,,pata1260,Patani,ptn,Papunesia,0.34096,128.634,Austronesian
maba1278,,maba1278,Maba (Indonesia),mqa,Papunesia,0.59011,128.418,Austronesian
galo1243,,galo1243,Galoli-Talur,gal,Papunesia,-8.61074,125.959,Austronesian
ford1242,,ford1242,Fordata,frd,Papunesia,-7.28902,131.511,Austronesian
yamd1240,,yamd1240,Yamdena,jmd,Papunesia,-7.73722,131.44,Austronesian
keii1239,,keii1239,Kei,kei,Papunesia,-5.63948,133.02,Austronesian
sepa1242,,sepa1242,Sepa (Indonesia),spb,Papunesia,-3.36682,129.243,Austronesian
telu1263,,telu1263,Teluti,tlt,Papunesia,-3.2969,129.663,Austronesian
asil1242,,asil1242,Asilulu,asl,Papunesia,-3.67302,127.952,Austronesian
manu1258,,manu1258,Manusela,wha,Papunesia,-3.1109,129.429,Austronesian
amah1245,,amah1245,Amahai,amq,Papunesia,-3.32028,128.939,Austronesian
yala1266,,yala1266,Yalahatan-Haruru-Awaiya,jal,Papunesia,-3.3619,129.315,Austronesian
sout2895,,sout2895,South Nuaulu,nxl,Papunesia,-3.23411,129.148,Austronesian
elpa1240,,elpa1240,Elpaputih,elp,Papunesia,-3.078,128.263,Bookkeeping
nila1244,,nila1244,Nila,nil,Papunesia,-6.734956,129.512131,Austronesian
alun1238,,alun1238,Alune,alp,Papunesia,-3.11477,128.394,Austronesian
masi1266,,masi1266,Masiwang,bnf,Papunesia,-3.29547,130.601,Austronesian
gese1240,,gese1240,Geser-Gorom,ges,Papunesia,-3.8016,130.701,Austronesian
haru1244,,haru1244,Haruku,hrk,Papunesia,-3.57029,128.476,Austronesian
ambe1248,,ambe1248,Ambelau,amv,Papunesia,-3.85919,127.196,Austronesian
huku1237,,huku1237,Hukumina,huw,Papunesia,-3.274,126.194,Austronesian
nusa1245,,nusa1245,Nusa Laut,nul,Papunesia,-3.67727,128.776,Austronesian
sapa1251,,sapa1251,Saparua,spr,Papunesia,-3.58314,128.639,Austronesian
sang1336,,sang1336,Sangir,sxn,Papunesia,3.0,125.5,Austronesian
tala1285,,tala1285,Talaud,tld,Papunesia,4.11846,126.795,Austronesian
wamb1259,,wamb1259,Wambon,wms,Papunesia,-5.44334,140.48,Nuclear Trans New Guinea
iwur1240,,iwur1240,Morop-Dintere,iwo,Papunesia,-5.11036,140.823,Nuclear Trans New Guinea
koke1241,,koke1241,Kokenop Mandobo,,Papunesia,-5.551923,140.598971,Nuclear Trans New Guinea
aghu1255,,aghu1255,Aghu,ahh,Papunesia,-6.34674,140.043,Nuclear Trans New Guinea
airo1242,,airo1242,Airoran,air,Papunesia,-1.8522,138.158,Greater Kwerba
nucl1595,,nucl1595,Kwerba,kwe,Papunesia,-2.2137,138.486,Greater Kwerba
sabu1255,,sabu1255,Hawu,hvn,Papunesia,-10.5522,121.847,Austronesian
term1237,,term1237,Termanu,twu,Papunesia,-10.7326,123.169,Austronesian
tetu1246,,tetu1246,Tetun Dili,tdt,Papunesia,-8.58405,125.583,Austronesian
buna1278,,buna1278,Bunak,bfn,Papunesia,-9.13618,125.216,Timor-Alor-Pantar
sasa1249,,sasa1249,Sasak,sas,Papunesia,-8.58349,116.284,Austronesian
kamb1299,,kamb1299,Kambera,xbr,Papunesia,-9.88447,120.235,Austronesian
lioo1240,,lioo1240,Li'o,ljl,Papunesia,-8.68615,121.832,Austronesian
sika1262,,sika1262,Sika,ski,Papunesia,-8.67302,122.38,Austronesian
lama1277,,lama1277,Lamaholot,slp,Papunesia,-8.36439,122.803,Austronesian
alor1247,,alor1247,Alorese,aol,Papunesia,-8.20382,124.264,Austronesian
abui1241,,abui1241,Abui,abz,Papunesia,-8.31058,124.588,Timor-Alor-Pantar
kama1365,,kama1365,Kamang,woi,Papunesia,-8.26897,124.792,Timor-Alor-Pantar
suwa1241,,suwa1241,Suwawa,swu,Papunesia,0.4907,123.362,Austronesian
goro1259,,goro1259,Gorontalo,gor,Papunesia,0.62689,122.288,Austronesian
buol1237,,buol1237,Buol,blf,Papunesia,0.97727,121.519,Austronesian
bola1252,,bola1252,Bolango,bld,Papunesia,0.39044,123.888,Austronesian
toto1304,,toto1304,Totoli,txe,Papunesia,1.14995,120.875,Austronesian
kaid1239,,kaid1239,Kaidipang,kzp,Papunesia,0.85641,123.217,Austronesian
tomb1243,,tomb1243,Tombulu,tom,Papunesia,1.39715,124.754,Austronesian
tons1240,,tons1240,Tonsea,txs,Papunesia,1.51393,125.052,Austronesian
tond1251,,tond1251,Tondano,tdn,Papunesia,1.28024,124.964,Austronesian
tont1239,,tont1239,Tontemboan,tnt,Papunesia,1.24813,124.654,Austronesian
tons1239,,tons1239,Tonsawang,tnw,Papunesia,1.0539,124.652,Austronesian
rata1244,,rata1244,Ratahan,rth,Papunesia,1.07592,124.858,Austronesian
bant1286,,bant1286,Bantik,bnq,Papunesia,1.44586,124.846,Austronesian
mong1342,,mong1342,Mongondow,mog,Papunesia,0.64616,124.114,Austronesian
mamu1255,,mamu1255,Mamuju,mqx,Papunesia,-2.50762,119.082,Austronesian
tora1261,,tora1261,Toraja-Sa'dan,sda,Papunesia,-2.97144,119.829,Austronesian
mand1442,,mand1442,Mandar,mdr,Papunesia,-3.34717,119.068,Austronesian
mama1276,,mama1276,Mamasa,mqj,Papunesia,-3.0811,119.484,Austronesian
pamo1252,,pamo1252,Pamona,pmf,Papunesia,-1.62663,121.268,Austronesian
ledo1238,,ledo1238,Ledo Kaili,lew,Papunesia,-1.03033,120.132,Austronesian
maka1311,,maka1311,Makasar,mak,Papunesia,-5.65551,119.838,Austronesian
sela1260,,sela1260,Selayar,sly,Papunesia,-6.10145,120.496,Austronesian
laiy1246,,laiy1246,Laiyolo,lji,Papunesia,-6.45512,120.483,Austronesian
coas1295,,coas1295,Coastal Konjo,kjc,Papunesia,-5.41532,120.304,Austronesian
tola1247,,tola1247,Tolaki,lbw,Papunesia,-4.03577,121.888,Austronesian
mori1268,,mori1268,Mori Bawah,xmz,Papunesia,-2.56016,121.37,Austronesian
bung1269,,bung1269,Bungku,bkz,Papunesia,-3.22197,122.212,Austronesian
wawo1239,,wawo1239,Wawonii,wow,Papunesia,-4.13587,123.1,Austronesian
woli1241,,woli1241,Wolio,wlo,Papunesia,-5.33,122.67,Austronesian
muna1247,,muna1247,Muna,mnb,Papunesia,-5.40419,122.541,Austronesian
toma1248,,toma1248,Tomadino,tdi,Papunesia,-2.56493,121.944,Austronesian
bang1368,,bang1368,Banggai,bgz,Papunesia,-1.58305,123.171,Austronesian
otda1235,,otda1235,Ot Danum,otd,Papunesia,-0.3955,113.469,Austronesian
banj1239,,banj1239,Banjar,bjn,Papunesia,0.747105,115.79,Austronesian
ngaj1237,,ngaj1237,Ngaju,nij,Papunesia,-1.58463,112.794,Austronesian
maan1238,,maan1238,Ma'anyan,mhy,Papunesia,-2.1239,115.092,Austronesian
keni1248,,keni1248,Keninjal,knl,Papunesia,-0.63184,111.808,Austronesian
main1275,,main1275,Usun Apau Kenyah,xkl,Papunesia,3.54443,114.039,Austronesian
kemb1249,,kemb1249,Mateq,xem,Papunesia,0.66181,110.468,Austronesian
aohe1237,,aohe1237,Aoheng-Seputan,pni,Papunesia,0.87404,114.127,Austronesian
sema1269,,sema1269,Onya Darat,sdm,Papunesia,-0.75188,110.527,Austronesian
mala1480,,mala1480,Malayic Dayak,xdy,Papunesia,-2.78384,111.136,Austronesian
kota1275,,kota1275,Kota Bangun Kutai Malay,mqg,Papunesia,-0.27049,116.297,Austronesian
bata1289,,bata1289,Batak Toba,bbc,Papunesia,2.35498,99.1761,Austronesian
bata1290,,bata1290,Batak Angkola,akb,Papunesia,1.66127,99.60248,Austronesian
bata1291,,bata1291,Batak Mandailing,btm,Papunesia,0.85805,99.898,Austronesian
bata1293,,bata1293,Batak Karo,btx,Papunesia,2.12787,98.2517,Austronesian
bata1294,,bata1294,Batak Dairi,btd,Papunesia,2.51438,98.2427,Austronesian
achi1257,,achi1257,Acehnese,ace,Papunesia,3.90757,96.6032,Austronesian
mina1268,,mina1268,Minangkabau,min,Papunesia,-0.896,100.44,Austronesian
mala1479,,mala1479,Colloquial Malay,zlm,Eurasia,1.85856,103.0,Austronesian
lamp1242,,lamp1242,Lampung Nyo,abl,Papunesia,-4.43957,105.397,Austronesian
lamp1243,,lamp1243,Lampung Api,ljp,Papunesia,-5.73463,105.037,Austronesian
cent2053,,cent2053,South Barisan Malay,pse,Papunesia,-3.79673,103.137,Austronesian
nasa1239,,nasa1239,Nasal,nsy,Papunesia,-4.8652,103.5719,Austronesian
kaur1269,,kaur1269,Kaur,vkk,Papunesia,-4.6251,103.512,Austronesian
sime1241,,sime1241,Simeulue,smr,Papunesia,2.50288,96.2757,Austronesian
siku1242,,siku1242,Sikule,skh,Papunesia,2.69113,95.9636,Austronesian
nias1242,,nias1242,Nias,nia,Papunesia,0.90691,97.4961,Austronesian
ment1249,,ment1249,Mentawai,mwv,Papunesia,-1.41092,98.9401,Austronesian
engg1245,,engg1245,Enggano,eno,Papunesia,-5.38846,102.245,Austronesian
buru1303,,buru1303,Buru (Indonesia),mhs,Papunesia,-3.43957,126.632,Austronesian
gebe1237,,gebe1237,Gebe,gei,Papunesia,-0.07877,129.424,Austronesian
iliu1237,,iliu1237,Ili'uun,ilu,Papunesia,-7.84385,125.902,Austronesian
duri1242,,duri1242,Duri,mvp,Papunesia,-3.37081,119.871,Austronesian
kang1289,,kang1289,Kangean,kkv,Papunesia,-7.98335,112.968,Austronesian
nucl1806,,nucl1806,Nuclear Malayic,,,,,Austronesian
maha1309,,maha1309,Mahafaly-Antanalana Malagasy,,Africa,-24.2,44.5,Austronesian
sril1245,,sril1245,Sri Lanka Malay,sci,Eurasia,6.91603,79.864,Austronesian
kode1237,,kode1237,Kodeoha,vko,Papunesia,-3.39566,120.937,Austronesian
camp1262,,camp1262,Campalagian,cml,Papunesia,-4.016667,119.623611,Austronesian
ulum1237,,ulum1237,Ulumanda',ulm,Papunesia,-3.00933,118.994,Austronesian
taee1237,,taee1237,Tae',rob,Papunesia,-2.58205,120.139,Austronesian
enre1239,,enre1239,Enrekang,ptt,Papunesia,-3.53848,119.66,Austronesian
seko1242,,seko1242,Seko Tengah,sko,Papunesia,-2.22069,119.823,Austronesian
lemo1243,,lemo1243,Lemolang,ley,Papunesia,-2.63313,120.27,Austronesian
topo1243,,topo1243,Topoiyo,toy,Papunesia,-2.06702,119.314,Austronesian
mala1534,,mala1534,Malaweg,,Papunesia,17.844833,121.391322,Austronesian
ahin1234,,ahin1234,Ahin-Kayapa Kalanguya,kak,Papunesia,16.321,120.90003,Austronesian
oldm1243,,oldm1243,Old Malay,,Papunesia,-0.648259,103.353479,Austronesian
mtir1235,,mtir1235,Mt. Iriga Agta,agz,Papunesia,13.4566,123.463,Austronesian
cent2087,,cent2087,Coastal-Naga Bikol,bcl,Papunesia,13.7574,123.403,Austronesian
irig1242,,irig1242,Iriga Bicolano,bto,Papunesia,13.3896,123.331,Austronesian
alba1269,,alba1269,Inland-Buhi-Daraga Bikol,bhk,Papunesia,13.1989,123.49,Austronesian
masa1307,,masa1307,Masadiit Itneg,tis,Papunesia,17.4501,120.829,Austronesian
agta1234,,agta1234,Agta-Pahanan,apf,Papunesia,17.0538,122.2802,Austronesian
mtir1236,,mtir1236,Mt. Iraya Agta,atl,Papunesia,13.4588,123.552,Austronesian
pudt1235,,pudt1235,Pudtol Atta,atp,Papunesia,18.2112,121.379,Austronesian
bata1297,,bata1297,Bataan Ayta,ayt,Papunesia,14.4153,120.49,Austronesian
masb1237,,masb1237,Masbate Sorsogon,bks,Papunesia,12.8438,124.002,Austronesian
fair1238,,fair1238,Faire Atta,azt,Papunesia,17.9808,121.436,Austronesian
capi1239,,capi1239,Capiznon,cps,Papunesia,11.4122,122.954,Austronesian
nort2883,,nort2883,Northern Catanduanes Bicolano,cts,Papunesia,13.9032,124.27,Austronesian
dica1235,,dica1235,Dicamay Agta,duy,Papunesia,17.8846,121.606,Austronesian
gada1258,,gada1258,Ga'dang,gdg,Papunesia,17.2238,121.455,Austronesian
inla1260,,inla1260,Inlaod Itneg,iti,Papunesia,17.61752,120.65389,Austronesian
maen1235,,maen1235,Maeng Itneg,itt,Papunesia,17.2453,120.718,Austronesian
moya1235,,moya1235,Moyadan Itneg,ity,Papunesia,17.4232,120.702,Austronesian
iwak1237,,iwak1237,I-Wak,iwk,Papunesia,16.30448,120.78633,Austronesian
maba1279,,maba1279,Mabaka Valley Kalinga,kkg,Papunesia,17.6683,121.073,Austronesian
labu1249,,labu1249,Labuk-Kinabatangan Kadazan,dtb,Papunesia,5.51924,117.507,Austronesian
keni1249,,keni1249,Keningau Murut,kxi,Papunesia,5.42272,116.198,Austronesian
madu1248,,madu1248,Madukayang Kalinga,kmd,Papunesia,17.1794,121.236,Austronesian
kasi1256,,kasi1256,Kasiguranin,ksn,Papunesia,16.1881,122.118,Austronesian
cent2089,,cent2089,Central Subanen,syb,Papunesia,8.12701,123.018,Austronesian
lapu1236,,lapu1236,Lapuyan Subanun,laa,Papunesia,7.53449,123.13,Austronesian
west2557,,west2557,Western Subanon,suc,Papunesia,7.79964,122.341,Austronesian
cina1236,,cina1236,Cinamiguin Manobo,mkx,Papunesia,9.1793,124.721,Austronesian
raja1254,,raja1254,Rajah Kabunsuwan Manobo,mqk,Papunesia,8.2934,126.266,Austronesian
cent2091,,cent2091,Central Palawano,plc,Papunesia,8.77013,117.838,Austronesian
para1306,,para1306,Paranan,prf,Papunesia,17.0,122.372,Austronesian
poro1253,,poro1253,Porohanon,prh,Papunesia,10.6726,124.454,Austronesian
sulo1237,,sulo1237,Sulod,srg,Papunesia,11.2473,122.551,Austronesian
wara1299,,wara1299,Waray Sorsogon,srv,Papunesia,12.6795,124.015,Austronesian
nort2885,,nort2885,Northern Subanen,stb,Papunesia,8.5232,123.588,Austronesian
cari1276,,cari1276,Caribbean Javanese,jvn,South America,5.62695,-54.6305,Austronesian
kubu1239,,kubu1239,Kubu,kvb,Papunesia,-2.42661,102.193,Austronesian
keta1243,,keta1243,Ketangalan,kae,Papunesia,25.0257,121.425,Austronesian
duan1242,,duan1242,Duano,dup,Papunesia,0.72162,103.46759,Austronesian
daak1235,,daak1235,Da'a Kaili,kzf,Papunesia,-1.21051,119.527,Austronesian
fina1242,,fina1242,Finallig,bkb,Papunesia,17.0319,121.11,Austronesian
koli1253,,koli1253,Kolibugan Subanon,skn,Papunesia,7.77212,122.567,Austronesian
east2694,,east2694,Eastern Subanen,sfe,Papunesia,8.2475,123.5234,Austronesian
saba1263,,saba1263,Sabah Malay,msi,Papunesia,4.64808,117.024,Austronesian
ampa1239,,ampa1239,Ampanang,apg,Papunesia,-0.79259,116.349,Austronesian
kohi1250,,kohi1250,Kohin,kkx,Papunesia,-1.43973,111.905,Austronesian
brun1245,,brun1245,Brunei Bisaya-Dusun,bsb,Papunesia,4.60791,114.517,Austronesian
lotu1250,,lotu1250,Lotud,dtr,Papunesia,6.13732,116.232,Austronesian
rung1259,,rung1259,Rungus,drg,Papunesia,6.83989,116.743,Austronesian
cent2100,,cent2100,Central Dusun,dtp,Papunesia,6.02998,116.681,Austronesian
coas1294,,coas1294,Coastal Kadazan,kzj,Papunesia,5.77065,116.063,Austronesian
tamb1254,,tamb1254,Tambunan Dusun,kzt,Papunesia,5.68284,116.373,Austronesian
kuij1237,,kuij1237,Kuijau,dkr,Papunesia,5.47179,116.108,Austronesian
mino1243,,mino1243,Minokok,mqq,Papunesia,5.43348,116.759,Austronesian
sugu1243,,sugu1243,Sugut Dusun,kzs,Papunesia,6.14235,117.176,Austronesian
tobi1239,,tobi1239,Tobilung,tgb,Papunesia,6.56097,116.67,Austronesian
dump1242,,dump1242,Dumpas,dmv,Papunesia,5.93483,117.419,Austronesian
tomb1244,,tomb1244,Tombonuo,txa,Papunesia,6.2892,117.322,Austronesian
tamp1254,,tamp1254,Tampias Lobu,low,Papunesia,5.72467,116.789,Austronesian
lana1236,,lana1236,Lanas Lobu,ruu,Papunesia,5.39196,116.577,Austronesian
uppe1427,,uppe1427,Upper Kinabatangan,dmg,Papunesia,5.31911,116.901,Austronesian
seru1246,,seru1246,Serudung Murut,srk,Papunesia,4.39954,117.279,Austronesian
tata1257,,tata1257,Tatana,txx,Papunesia,5.49808,115.553,Austronesian
papa1268,,papa1268,Papar,dpp,Papunesia,5.57378,115.58,Austronesian
gana1277,,gana1277,Gana,gnq,Papunesia,5.57583,116.145,Austronesian
timu1262,,timu1262,Timugon Murut,tih,Papunesia,5.1796,115.826,Austronesian
palu1253,,palu1253,Paluan,plz,Papunesia,5.02715,116.346,Austronesian
taga1273,,taga1273,Tagal Murut,mvv,Papunesia,4.42907,116.177,Austronesian
okol1241,,okol1241,Okolod,kqv,Papunesia,4.53989,115.753,Austronesian
selu1243,,selu1243,Selungai Murut,slg,Papunesia,4.34788,116.45,Austronesian
semb1240,,semb1240,Sembakung Murut,sbr,Papunesia,4.22102,116.799,Austronesian
kala1391,,kala1391,Kalabakan,kve,Papunesia,4.53605,117.317,Austronesian
abai1241,,abai1241,Abai Tubu-Abai Sembuak,,Papunesia,3.524226,116.162455,Austronesian
buru1304,,buru1304,Burusu,bqr,Papunesia,3.36912,117.012,Austronesian
nort3262,,nort3262,Northern Tidung,ntd,Papunesia,5.8606,117.5455,Austronesian
sout3241,,sout3241,Southern Tidung,itd,Papunesia,4.0,117.75,Austronesian
idaa1241,,idaa1241,Ida'an,dbj,Papunesia,5.29059,118.515,Austronesian
bong1289,,bong1289,Bonggi,bdg,Papunesia,7.29249,117.174,Austronesian
molb1237,,molb1237,Molbog,pwm,Papunesia,7.956663,117.030502,Austronesian
buki1247,,buki1247,Bukit Malay,bvu,Papunesia,-2.75049,115.64,Austronesian
bara1369,,bara1369,Bara Malagasy,bhr,Africa,-23.9716,45.5937,Austronesian
oran1258,,oran1258,Orang Kanaq,orn,Eurasia,1.88296,104.008,Austronesian
lubu1241,,lubu1241,Lubu,lcf,Papunesia,0.63989,99.74549,Austronesian
bara1371,,bara1371,Baras,brs,Papunesia,-1.5667,119.342,Austronesian
saru1242,,saru1242,Sarudu,sdu,Papunesia,-1.7094,119.349,Austronesian
budo1241,,budo1241,Budong-Budong,bdx,Papunesia,-2.07756,119.327,Austronesian
bali1279,,bali1279,Balinese Malay,mhp,Papunesia,-8.355884,114.648391,Austronesian
bera1262,,bera1262,Berau Malay,bve,Papunesia,1.6687,117.934,Austronesian
long1406,,long1406,Western Lowland Kenyah,ttw,Papunesia,3.85226,114.82,Austronesian
waha1238,,waha1238,Eastern Lowland Kenyah,whk,Papunesia,1.56635,116.655,Austronesian
muri1259,,muri1259,Murik (Malaysia),mxr,Papunesia,3.7519,114.434,Austronesian
bara1370,,bara1370,Baram Kayan,kys,Papunesia,3.51211,114.482,Austronesian
coco1260,,coco1260,Cocos Islands Malay,coa,Papunesia,-12.193342,96.833679,Austronesian
kawi1241,,kawi1241,Kawi,kaw,Papunesia,-7.0,111.0,Austronesian
beta1252,,beta1252,Betawi,bew,Papunesia,-6.21174,107.022,Austronesian
pera1256,,pera1256,Peranakan Indonesian,pea,Papunesia,-7.982,112.619,Austronesian
bata1301,,bata1301,Batak,bya,Papunesia,10.1115,119.025,Austronesian
tagb1258,,tagb1258,Tagbanwa,tbw,Papunesia,9.54263,118.497,Austronesian
broo1239,,broo1239,Brooke's Point Palawano,plw,Papunesia,8.83891,117.871,Austronesian
sout2916,,sout2916,Southwest Palawano,plv,Papunesia,8.67624,117.36,Austronesian
taut1234,,taut1234,Taut Batu,,Papunesia,8.88129,117.673091,Austronesian
maka1305,,maka1305,Makassar Malay,mfp,Papunesia,-5.16108,119.408,Austronesian
bala1314,,bala1314,Balaesang,bls,Papunesia,-0.05644,119.689,Austronesian
damp1237,,damp1237,Dampelas,dms,Papunesia,0.70234,120.219,Austronesian
pend1242,,pend1242,Pendau,ums,Papunesia,-0.11396,119.862,Austronesian
taje1237,,taje1237,Taje,pee,Papunesia,-0.72583,120.078,Austronesian
taji1246,,taji1246,Tajio,tdj,Papunesia,-0.31553,120.01,Austronesian
lauj1238,,lauj1238,Lauje,law,Papunesia,0.50708,120.262,Austronesian
tomi1243,,tomi1243,Tomini,txm,Papunesia,0.42569,120.89,Austronesian
dond1249,,dond1249,Dondo,dok,Papunesia,0.80348,120.707,Austronesian
boan1243,,boan1243,Boano (Sulawesi),bzl,Papunesia,0.51152,120.992,Austronesian
iban1264,,iban1264,Iban,iba,Papunesia,2.09041,112.934,Austronesian
puna1278,,puna1278,Punan Batu 1,pnm,Papunesia,2.65327,113.93,Austronesian
west2563,,west2563,Western Penan,pne,Papunesia,3.4667,114.523,Austronesian
puna1275,,puna1275,Punan Bah-Biau,pna,Papunesia,2.27377,113.156,Austronesian
seka1248,,seka1248,Sekapan,skp,Papunesia,2.47567,113.562,Austronesian
buki1248,,buki1248,Bukitan,bkn,Papunesia,2.34947,114.895,Austronesian
ukit1237,,ukit1237,Ukit,umi,Papunesia,1.56623,114.579,Austronesian
kaja1250,,kaja1250,Kajaman,kag,Papunesia,2.78613,113.886,Austronesian
laha1253,,laha1253,Lahanan,lhn,Papunesia,2.72734,113.947,Austronesian
kano1244,,kano1244,Kanowit-Tanjong Melanau,kxn,Papunesia,2.03781,112.383,Austronesian
emba1238,,emba1238,Embaloh,emb,Papunesia,1.3156,112.63,Austronesian
sian1255,,sian1255,Sihan,spg,Papunesia,2.66154,113.843,Austronesian
teng1267,,teng1267,Tenggarong Kutai Malay,vkt,Papunesia,0.71803,117.645,Austronesian
busa1255,,busa1255,Busang Kayan,bfg,Papunesia,0.03494,115.401,Austronesian
kaya1324,,kaya1324,Kayan Mahakam,xay,Papunesia,0.91787,114.452,Austronesian
moda1244,,moda1244,Modang,mxd,Papunesia,0.80793,116.573,Austronesian
maka1316,,maka1316,Makasae-Makalero,mkz,Papunesia,-8.65843,126.507,Timor-Alor-Pantar
naue1237,,naue1237,Nauete,nxa,Papunesia,-8.70733,126.741,Austronesian
fata1247,,fata1247,Fataluku,ddg,Papunesia,-8.49464,127.08,Timor-Alor-Pantar
kema1243,,kema1243,Kemak,kem,Papunesia,-9.00299,125.159,Austronesian
weje1237,,weje1237,Wewewa,wew,Papunesia,-9.55099,119.349,Austronesian
bada1261,,bada1261,Bada (Indonesia),bhz,Papunesia,-1.80249,120.319,Austronesian
napu1241,,napu1241,Napu,npy,Papunesia,-1.43707,120.338,Austronesian
kalu1247,,kalu1247,Kalumpang,kli,Papunesia,-2.33388,119.474,Austronesian
aral1243,,aral1243,Aralle-Tabulahan,atq,Papunesia,-2.78397,119.319,Austronesian
wotu1240,,wotu1240,Wotu,wtw,Papunesia,-2.59593,120.9,Austronesian
moke1242,,moke1242,Moken,mwt,Eurasia,10.1474,98.6765,Austronesian
oran1259,,oran1259,Orang Seletar,ors,Eurasia,1.45841,103.766,Austronesian
sout2918,,sout2918,Southern Sama,ssb,Papunesia,4.755836,119.483887,Austronesian
west2560,,west2560,West Coast Bajau,bdr,Papunesia,6.00631,116.124,Austronesian
hanu1241,,hanu1241,Hanunoo,hnn,Papunesia,12.4159,121.221,Austronesian
magu1243,,magu1243,Maguindanao,mdh,Papunesia,6.9453,124.509,Austronesian
taga1270,,taga1270,Tagalog,tgl,Papunesia,14.06,121.747,Austronesian
yami1254,,yami1254,Yami,tao,Papunesia,22.055,121.544,Austronesian
puyu1239,,puyu1239,Puyuma,pyu,Papunesia,22.643,120.996,Austronesian
jaku1244,,jaku1244,Jakun,jak,Eurasia,2.64582,103.342,Austronesian
patt1249,,patt1249,Kelantan-Pattani Malay,mfa,Eurasia,6.38148,101.41,Austronesian
anta1255,,anta1255,Antankarana Malagasy,xmv,Africa,-13.2164,49.2402,Austronesian
plat1254,,plat1254,Plateau Malagasy,plt,Africa,-19.5907,47.1211,Austronesian
nort2890,,nort2890,Northern Betsimisaraka Malagasy,bmm,Africa,-19.9184,48.812,Austronesian
tano1246,,tano1246,Tanosy Malagasy,txy,Africa,-24.9186,47.1357,Austronesian
tesa1236,,tesa1236,Tesaka Malagasy,tkg,Africa,-23.3,47.33,Austronesian
masi1268,,masi1268,Masikoro Malagasy,msh,Africa,-22.5582,43.8156,Austronesian
sout2920,,sout2920,Southern Betsimisaraka Malagasy,bzc,Africa,-22.8,47.82,Austronesian
bush1250,,bush1250,Kibosy Kiantalaotsy-Majunga,buc,Africa,-12.9652,45.1368,Austronesian
anga1292,,anga1292,Angal Heneng,akh,Papunesia,-6.13347,143.478,Nuclear Trans New Guinea
